audio_file|text
D:\ขนุนยิ้ม\projects\affiliate-studio\projects\voice-finetune\dataset\wavs\seg_0000.wav|โอเค สวัสดีครับ กลุ่มของพวกเรานะครับ ได้ธรรมกาศพัฒนานะครับ ระบบพยากรเหมือนกับสาบ
D:\ขนุนยิ้ม\projects\affiliate-studio\projects\voice-finetune\dataset\wavs\seg_0002.wav|ก็คือว่า ปัญหาในความสำคัญที่มันเกิดขึ้นในประจุบัติเองคือ
D:\ขนุนยิ้ม\projects\affiliate-studio\projects\voice-finetune\dataset\wavs\seg_0003.wav|เราได้พยายามคำรวดนะครับ
D:\ขนุนยิ้ม\projects\affiliate-studio\projects\voice-finetune\dataset\wavs\seg_0004.wav|การสับรองเรียนเรียกว่าการปริหาร ด้วยการใช้ตัวของคาชะเรีย
D:\ขนุนยิ้ม\projects\affiliate-studio\projects\voice-finetune\dataset\wavs\seg_0005.wav|แล้วก็สำรองนะ เวลาสำรองเราใช้ประสบการณ์ อย่างเช่นแบบ
D:\ขนุนยิ้ม\projects\affiliate-studio\projects\voice-finetune\dataset\wavs\seg_0006.wav|อาจจะเอาไปบวกการ 3 เดือน หรือว่าอะไรอย่างนี้ แล้วก็มาอาคาอะไรเดียกต่อในหน้า เพื่อที่จะไปค่าปัฟเฟอร์
D:\ขนุนยิ้ม\projects\affiliate-studio\projects\voice-finetune\dataset\wavs\seg_0007.wav|ว่าโอเค ตรงนี้มันอาจจะเปลี่ยนพอนะ อะไรแบบนี้ครับ ซึ่งตรงนี้มัน...
D:\ขนุนยิ้ม\projects\affiliate-studio\projects\voice-finetune\dataset\wavs\seg_0008.wav|ยังขาดการ ยังขาดการใช้งานความพัฒนของข้อมูล
D:\ขนุนยิ้ม\projects\affiliate-studio\projects\voice-finetune\dataset\wavs\seg_0009.wav|แต่ครับ เรายังไม่ใช้ข้อมูล ได้อย่างตัวประสิทธิภาพนั่นเอง
D:\ขนุนยิ้ม\projects\affiliate-studio\projects\voice-finetune\dataset\wavs\seg_0010.wav|ข้อจำการณ์ในการจับตามรูดูการ คือว่า
D:\ขนุนยิ้ม\projects\affiliate-studio\projects\voice-finetune\dataset\wavs\seg_0011.wav|การที่เราใช้ข้าวเฉลียบไว้ว่า มันจะเป็นแบบ โหลดดิง วินโดว์ ก็ตามเนี่ย
D:\ขนุนยิ้ม\projects\affiliate-studio\projects\voice-finetune\dataset\wavs\seg_0012.wav|มันไม่ได้สถอนความแผนถูกนะครับ มันเป็นแค่ โอเค เรารู้สึกว่า
D:\ขนุนยิ้ม\projects\affiliate-studio\projects\voice-finetune\dataset\wavs\seg_0013.wav|ตรงนี้มันคือ แนวนมที่มันจะไป ซึ่งคำว่าแนวนมที่มันจะไป มันเป็น แล็กกิ้ง อินดิเคเตอร์
D:\ขนุนยิ้ม\projects\affiliate-studio\projects\voice-finetune\dataset\wavs\seg_0014.wav|หรือว่าสัญญาณเกิดก่อนค่อยตัดสินใจ
D:\ขนุนยิ้ม\projects\affiliate-studio\projects\voice-finetune\dataset\wavs\seg_0015.wav|นั่นหมายความว่า เออ มันต้องเกิดข้อมูลเกิดขึ้นมาจริงๆก่อนนะ เราถึงจะรู้ว่า โอเค เดือน...เดือน...
D:\ขนุนยิ้ม\projects\affiliate-studio\projects\voice-finetune\dataset\wavs\seg_0016.wav|เดือนที่ผ่านมา มันไปที่ทางไหน น่าหมายความว่าเราจะไม่รู้ว่าอนาคตมันจะไปที่ทางไหน ถ้าหากว่า
D:\ขนุนยิ้ม\projects\affiliate-studio\projects\voice-finetune\dataset\wavs\seg_0017.wav|เราใช้ตรงนี้ เราจะทำได้แค่เต่าเท่านั้น
D:\ขนุนยิ้ม\projects\affiliate-studio\projects\voice-finetune\dataset\wavs\seg_0018.wav|โอเค สรุปปัจจุบัน เราใช้ค่าเฉลีย บวกกับประสบการณ์
D:\ขนุนยิ้ม\projects\affiliate-studio\projects\voice-finetune\dataset\wavs\seg_0019.wav|คำดวนปัฟเฟอร์ นี่คือปริมาณที่ใช้งานจริงในปัจจุบัติ
D:\ขนุนยิ้ม\projects\affiliate-studio\projects\voice-finetune\dataset\wavs\seg_0020.wav|อันนี้ก็ตัวอย่างนะครับ ฟังเกตดูค่าชะเรียสามเดือนเต้นสีฟ้านะครับ
D:\ขนุนยิ้ม\projects\affiliate-studio\projects\voice-finetune\dataset\wavs\seg_0021.wav|ถ้าจะเห็นว่าตัวของเซ็ตสีฟ้าเนี่ย มันจะอยู่กลางข้อมูลเสมอ
D:\ขนุนยิ้ม\projects\affiliate-studio\projects\voice-finetune\dataset\wavs\seg_0022.wav|นี่เป็นเหตุผลที่จะต้องคำนวนบาเฟอร์ขึ้นมา
D:\ขนุนยิ้ม\projects\affiliate-studio\projects\voice-finetune\dataset\wavs\seg_0023.wav|โดยที่เราจะคำนวนบัคเฟอร์ เพื่อให้มันเพียงพอ
D:\ขนุนยิ้ม\projects\affiliate-studio\projects\voice-finetune\dataset\wavs\seg_0024.wav|กับในแต่ละจุดที่มันเกินเส้นสีน้ำเห็นติดตายนั้นเองนะครับ
D:\ขนุนยิ้ม\projects\affiliate-studio\projects\voice-finetune\dataset\wavs\seg_0025.wav|โดยที่ระยะห่างระหว่างข้อมูลจริงกับค่าชาเรียน 3 เดือน อย่างที่เราเห็นนะครับ เป็นค่าความค่าเครื่องที่อยู่ข้างล่าง
D:\ขนุนยิ้ม\projects\affiliate-studio\projects\voice-finetune\dataset\wavs\seg_0026.wav|ตรงนี้เราไม่เคยได้เอามาพิจารณาเลย ซึ่งในงานนี้เราจะใช้...
D:\ขนุนยิ้ม\projects\affiliate-studio\projects\voice-finetune\dataset\wavs\seg_0027.wav|เชกนิดขั้นสุก แล้วก็ไปการสร้างโบเดล แล้วก็เอาตัวข้าวขัดเคลื่อนตรงนี้
D:\ขนุนยิ้ม\projects\affiliate-studio\projects\voice-finetune\dataset\wavs\seg_0028.wav|มาใช้นะครับ เป็นยังไง เดี๋ยวไปดูกัน แล้วทางการแก้ไข่นะครับ ก็คือว่าเราจะใช้
D:\ขนุนยิ้ม\projects\affiliate-studio\projects\voice-finetune\dataset\wavs\seg_0029.wav|อย่างที่บอกไปนะครับ เราจะใช้วิธีการ ใช้การวิกล้อศัตติติ
D:\ขนุนยิ้ม\projects\affiliate-studio\projects\voice-finetune\dataset\wavs\seg_0030.wav|เพื่อหาจุดเหมาะสม จากข้อมูลจริง ๆ แทนการคำนวนที่พึ่งภาพปศพการณ์แล้วก็...
D:\ขนุนยิ้ม\projects\affiliate-studio\projects\voice-finetune\dataset\wavs\seg_0031.wav|ใช้โมเดลขั้นสูงมาจับฝัญญาณความพันธ์โปรดต่างไปดูการด้วย
D:\ขนุนยิ้ม\projects\affiliate-studio\projects\voice-finetune\dataset\wavs\seg_0032.wav|และก็ดูว่าแนวนู้นที่มันสับสอน
D:\ขนุนยิ้ม\projects\affiliate-studio\projects\voice-finetune\dataset\wavs\seg_0034.wav|แล้วก็จะเปลี่ยนจาก อินดิเคเตอร์ มาเป็น พรีดิกทีฟ อินดิเคเตอร์
D:\ขนุนยิ้ม\projects\affiliate-studio\projects\voice-finetune\dataset\wavs\seg_0035.wav|โดยที่ โอเค ของที่เราจะเสนอคือว่า โอเค เราต้องการที่จะสร้างโมเดลสธิติข้างสูงตัวหนึ่ง
D:\ขนุนยิ้ม\projects\affiliate-studio\projects\voice-finetune\dataset\wavs\seg_0036.wav|มาบวกกับบัฟเฟอร์ของค่าเบ็กเบ็กมาตถาน จากข้อมูลจริง
D:\ขนุนยิ้ม\projects\affiliate-studio\projects\voice-finetune\dataset\wavs\seg_0037.wav|แล้วก็เจอทั้งกับการสัญญาที่แม่นยับและมีประสินธิภาพสูงสุด อันนี้ขอเพลมก่อนว่ามีประสินธิภาพสูงสุด เพราะว่าวิธีการในการจุน
D:\ขนุนยิ้ม\projects\affiliate-studio\projects\voice-finetune\dataset\wavs\seg_0038.wav|ตัวของ พารามิเตอร์ เนี่ย มันค่อนข้างสับซ้อน แล้วก็มีสัญลิติลองหลับ
D:\ขนุนยิ้ม\projects\affiliate-studio\projects\voice-finetune\dataset\wavs\seg_0039.wav|โดยแนวทางในการแก้ไข่ตรงนี้ เราจะพูดถึงเซตติสตอร์ตก่อนมันคืออะไร แล้วก็วิธีการสร้างและพัฒนา เอไอ นะครับ
D:\ขนุนยิ้ม\projects\affiliate-studio\projects\voice-finetune\dataset\wavs\seg_0040.wav|ด้วยโปรเฟท โปรเฟทนี่ก็คือเป็น...
D:\ขนุนยิ้ม\projects\affiliate-studio\projects\voice-finetune\dataset\wavs\seg_0041.wav|อ่า ไปชินแล้วอีกตัวหนึ่งนะครับ ที่ออกโดยปริศัทเมตตะ หรือว่าเฟสบุ๊กนั่นแหละ
D:\ขนุนยิ้ม\projects\affiliate-studio\projects\voice-finetune\dataset\wavs\seg_0042.wav|เพราะตัวนี้มันจะเก่งในเรื่องของการอาดฮับซีรี
D:\ขนุนยิ้ม\projects\affiliate-studio\projects\voice-finetune\dataset\wavs\seg_0043.wav|หรือที่ซัมซีริคที่มันอ่าน มันก็จะจัดแจ้งให้เองว่า โอเค อยู่เดือนไหน
D:\ขนุนยิ้ม\projects\affiliate-studio\projects\voice-finetune\dataset\wavs\seg_0044.wav|ประเทศไทยมีช่วงโคลิเดตอนไหน ส่งการใช่ไหม ต่ายปียังไง
D:\ขนุนยิ้ม\projects\affiliate-studio\projects\voice-finetune\dataset\wavs\seg_0046.wav|โอเค เชรนต์ปีแรกนะ แล้วปีต่อไปทำนาย อะไรอย่างนี้เป็นต้นเลยครับ
D:\ขนุนยิ้ม\projects\affiliate-studio\projects\voice-finetune\dataset\wavs\seg_0048.wav|แล้วก็นำผลของการพยากรมาคำเรื่อง เซฟตี้สต็อก และทำไปใช้จิ้นนั้นเอง
D:\ขนุนยิ้ม\projects\affiliate-studio\projects\voice-finetune\dataset\wavs\seg_0049.wav|ซิตตี้สตอปคืออะไร ซิตตี้สตอปคือปริมาณสำรองขั้นตักที่ต้องมีไว้เพื่อร่องรับความไม่แน่นอน
D:\ขนุนยิ้ม\projects\affiliate-studio\projects\voice-finetune\dataset\wavs\seg_0050.wav|โดยที่มันประกอบไปด้วยความต้องการ และความดวน
D:\ขนุนยิ้ม\projects\affiliate-studio\projects\voice-finetune\dataset\wavs\seg_0051.wav|น่าหมายเขาว่า โอเค สิ่งที่เราต้องสร้าง คือว่าเราต้องสร้างโมเดล เพื่อทำในความต้องการ
D:\ขนุนยิ้ม\projects\affiliate-studio\projects\voice-finetune\dataset\wavs\seg_0052.wav|แล้วก็หลีธามเราไปถามจากผู้มีประสบการณ์แล้วก็อยู่ที่ประมาณ 30 วันนะครับ
D:\ขนุนยิ้ม\projects\affiliate-studio\projects\voice-finetune\dataset\wavs\seg_0053.wav|ซึ่งปุ่นเบียบสบกันก็คือ ทางด้านส่วนของเราเองนะครับที่...
D:\ขนุนยิ้ม\projects\affiliate-studio\projects\voice-finetune\dataset\wavs\seg_0054.wav|ส่วนตังจ่ายเงินของข้างของเราเอง ที่เป็นผู้ปริบัติงานร้าที่ตรงนี้เอง
D:\ขนุนยิ้ม\projects\affiliate-studio\projects\voice-finetune\dataset\wavs\seg_0056.wav|และก็คุ้นด้วยตรงสักแคลลูดของอุริธทราบ ตรงนี้คือ ซิสกอล หาจากการที่เราใช้ เซอร์วิส เลเวล
D:\ขนุนยิ้ม\projects\affiliate-studio\projects\voice-finetune\dataset\wavs\seg_0057.wav|เซอร์วิสเลเวลนี้ก็คือว่า สมมติว่าเรากำหนดเซอร์วิสเลเวลไว้ที่ 95%
D:\ขนุนยิ้ม\projects\affiliate-studio\projects\voice-finetune\dataset\wavs\seg_0058.wav|ความหมายของตัวนี้คือว่า โอเค ในเดือนต่อไป ถ้าเกิดว่าเรา ได้ครับ
D:\ขนุนยิ้ม\projects\affiliate-studio\projects\voice-finetune\dataset\wavs\seg_0059.wav|ทำการ ทำการผลิตสินค้าที่โอกาส 95% ตรงนี้ มันจะต้องผลิตที่เท่าไหร่
D:\ขนุนยิ้ม\projects\affiliate-studio\projects\voice-finetune\dataset\wavs\seg_0060.wav|อ่า ซึ่ง ตรงนี้มันจะ โอเค มันจะทำให้เรารู้ว่าต้องผลิตที่เท่าไหร่ แล้วก็...
D:\ขนุนยิ้ม\projects\affiliate-studio\projects\voice-finetune\dataset\wavs\seg_0061.wav|มันมีโอกาสที่จะขาดมือแค่ 5% นะ ตลอดช่วง 30 วันข้างหน้า
D:\ขนุนยิ้ม\projects\affiliate-studio\projects\voice-finetune\dataset\wavs\seg_0062.wav|ก็คือเป็น 95% ของความต้องการ
D:\ขนุนยิ้ม\projects\affiliate-studio\projects\voice-finetune\dataset\wavs\seg_0063.wav|ของโอกาส ที่ความโอกาสมันจะพิ่งพอ ประมาณนี้
D:\ขนุนยิ้ม\projects\affiliate-studio\projects\voice-finetune\dataset\wavs\seg_0064.wav|แล้วก็ตัวของ สแตนดาร์ด แอกทิเวชัน เนี่ย เดี๋ยวเราจะคำนวนจาก
D:\ขนุนยิ้ม\projects\affiliate-studio\projects\voice-finetune\dataset\wavs\seg_0065.wav|แต่ใช้ค่าพยากรมาลบกับค่าจริง เพื่อที่จะเอาค่าตรงนี้ออกมา
D:\ขนุนยิ้ม\projects\affiliate-studio\projects\voice-finetune\dataset\wavs\seg_0066.wav|แล้วก็คุ้นกับสักรุ่นหลีธาม หลีธามและคำหนวดคือ 30 วัน น่าหมายความวาตุของ เซฟตี้สต็อก เนี่ย
D:\ขนุนยิ้ม\projects\affiliate-studio\projects\voice-finetune\dataset\wavs\seg_0067.wav|ครอบครุ่มทั้งหมดและว่าโอเค ว่ามันจะต้องเพียงพอใน 30 วันนะ
D:\ขนุนยิ้ม\projects\affiliate-studio\projects\voice-finetune\dataset\wavs\seg_0068.wav|แล้วก็ต้องมีเท่าไหร่นิดเดียวต่อไป อะไรอย่างนี้เป็นต้นนะครับ
D:\ขนุนยิ้ม\projects\affiliate-studio\projects\voice-finetune\dataset\wavs\seg_0069.wav|แล้วก็การสร้างโมเดียวพยาการข้างสูง ตรงนี้คือสิ่งที่เราต้องการนำเสนอ
D:\ขนุนยิ้ม\projects\affiliate-studio\projects\voice-finetune\dataset\wavs\seg_0070.wav|ก็คือว่า ครั้งแรกเราจะทำการคลิงข้อมูล โดยที่ตัดเดือนล้านสุดที่ข้อมูลไม่คลกออกไป
D:\ขนุนยิ้ม\projects\affiliate-studio\projects\voice-finetune\dataset\wavs\seg_0071.wav|ตัวข้อบูรณ์จะมาตั้งแต่เดือนตุลาขม จุด 2,512 จะถึงกุมภาพภาน 2,519
D:\ขนุนยิ้ม\projects\affiliate-studio\projects\voice-finetune\dataset\wavs\seg_0073.wav|เพื่อทำความเข้าใจนะฮะ แล้วหลังจากนั้นเนี่ย เราจะทำการ ครอส วาลิเดชัน ด้วยที่ ครอส วาลิเดชัน เนี่ย จะมี พารามิเตอร์ อยู่ 3 ตัวเนอะ
D:\ขนุนยิ้ม\projects\affiliate-studio\projects\voice-finetune\dataset\wavs\seg_0074.wav|ก็แคบเพื่อทำความเข้าใจได้เหมือนเดิม แต่ผมจะอธิบายต่อ นะครับว่า
D:\ขนุนยิ้ม\projects\affiliate-studio\projects\voice-finetune\dataset\wavs\seg_0075.wav|โอเค การทำ ครอส วาลิเดชัน เนี่ย มันก็คือการที่เราแบ่งข้อมูลออกเป็น...
D:\ขนุนยิ้ม\projects\affiliate-studio\projects\voice-finetune\dataset\wavs\seg_0076.wav|อ่า...8 ต่อ 2 ส่วน นะครับ 80-20 อ่ะ 80-20
D:\ขนุนยิ้ม\projects\affiliate-studio\projects\voice-finetune\dataset\wavs\seg_0077.wav|ด้วยที่ไอคอน 80 แรก เราจะเอามันเป็นชุดฝึก 80%
D:\ขนุนยิ้ม\projects\affiliate-studio\projects\voice-finetune\dataset\wavs\seg_0078.wav|และก็ชุดตรวจอีก 20% ตรงนี้เพื่อที่จะจูนตัวของ ไฮเปอร์พารามิเตอร์ นะครับ
D:\ขนุนยิ้ม\projects\affiliate-studio\projects\voice-finetune\dataset\wavs\seg_0079.wav|อ่า ตัวของภารกิจเปิดภารกิจเปิดเตอร์คือพวกนี้ที่อยู่ข้อ 2 นะครับ
D:\ขนุนยิ้ม\projects\affiliate-studio\projects\voice-finetune\dataset\wavs\seg_0080.wav|ซึ่งเมื่อเราทำการในแต่ละรอบที่การทำการฝึกอย่างเช่นแบบ
D:\ขนุนยิ้ม\projects\affiliate-studio\projects\voice-finetune\dataset\wavs\seg_0081.wav|และกำหนดว่า 3 ปีแรกเป็น อินิเชียล มันจะทำการฝึก
D:\ขนุนยิ้ม\projects\affiliate-studio\projects\voice-finetune\dataset\wavs\seg_0082.wav|มันจะทำการเรียนรู้ข้อมูลสามปี แล้วก็จะไปทำการทำลาย 3 เดือน
D:\ขนุนยิ้ม\projects\affiliate-studio\projects\voice-finetune\dataset\wavs\seg_0083.wav|ต่อไป สามปี สามเดือน
D:\ขนุนยิ้ม\projects\affiliate-studio\projects\voice-finetune\dataset\wavs\seg_0084.wav|3 ปีแรกฝึก 3 เดือนต่างมาคือธรรมนาย
D:\ขนุนยิ้ม\projects\affiliate-studio\projects\voice-finetune\dataset\wavs\seg_0086.wav|โดยที่พอทำตรงนิสเตอร์ปลับเนี่ย มันก็จะเปลี่ยนไปเป็นปี 3 เหลือนเป็นตัวฝึก แล้วก็ทำนาย 3 เหลือนต่อไป
D:\ขนุนยิ้ม\projects\affiliate-studio\projects\voice-finetune\dataset\wavs\seg_0087.wav|ทำอย่างนี้จนกว่าจะจบชุดฝึก 80% แรก
D:\ขนุนยิ้ม\projects\affiliate-studio\projects\voice-finetune\dataset\wavs\seg_0089.wav|นะครับ ตรงนี้เขาจะเอาค่า พารามิเตอร์ ตรงนี้เนี่ย
D:\ขนุนยิ้ม\projects\affiliate-studio\projects\voice-finetune\dataset\wavs\seg_0090.wav|ข้าวบริเบตเตอร์ประชุมบันไปฝึกกับข้าวเทส
D:\ขนุนยิ้ม\projects\affiliate-studio\projects\voice-finetune\dataset\wavs\seg_0091.wav|ก็คือ 20% หลังสุดท้ายเนี่ย ก็จะเป็นการวัดข้อมูลดู เพื่อที่จะดูว่ามันกูดฟิตหรือเปล่า
D:\ขนุนยิ้ม\projects\affiliate-studio\projects\voice-finetune\dataset\wavs\seg_0092.wav|มันไม่โอเวอร์ฟินนะ หรือว่าอันเดอร์ฟินนะ ตรงนี้เดี๋ยวไปศึกษาก็เติมได้นะครับ
D:\ขนุนยิ้ม\projects\affiliate-studio\projects\voice-finetune\dataset\wavs\seg_0093.wav|เพราะฉะนั้นแล้วตรงนี้แน่นอนว่าการฝึกแบบนี้จะได้ฮายเปอร์พราเมตเตอร์ที่ กู๊ดฟิต แน่นอน
D:\ขนุนยิ้ม\projects\affiliate-studio\projects\voice-finetune\dataset\wavs\seg_0094.wav|ไม่ โอเวอร์ฟิต มากเกินไป ไม่ อันเดอร์ฟิต มากเกินไป ซึ่งจะ กู๊ดฟิต แล้วก็ใช้งานได้ดีในทุกๆสถานาการ
D:\ขนุนยิ้ม\projects\affiliate-studio\projects\voice-finetune\dataset\wavs\seg_0095.wav|การจุน ไฮเปอร์พารามิเตอร์ เราจะใช้ ออปชันนัล เฟรมเวิร์ก
D:\ขนุนยิ้ม\projects\affiliate-studio\projects\voice-finetune\dataset\wavs\seg_0097.wav|โดยที่ เบย์เซียน ออปทิไมเซชัน เนี่ย มันจะพยายามหาค่าสูงสุด
D:\ขนุนยิ้ม\projects\affiliate-studio\projects\voice-finetune\dataset\wavs\seg_0098.wav|หรือว่าค่าที่มันดีที่สุด เอาไปเป็นค่าที่ดีที่สุด ที่ทำให้ค่า เออเรอร์ นี้น้อยที่สุด ด้วยเราทำการฝึกทุกโมเดล
D:\ขนุนยิ้ม\projects\affiliate-studio\projects\voice-finetune\dataset\wavs\seg_0099.wav|เจ็ดสิบรอบ นั่นเองนะครับ ลองไปศึกษาได้ดูตามลิ้งทางด้านซ้ายนะ
D:\ขนุนยิ้ม\projects\affiliate-studio\projects\voice-finetune\dataset\wavs\seg_0100.wav|ซึ่ง เราทำทั้งหมด โบเดลจ่ายแรก เราทำทั้งหมด 54 โบเดล
D:\ขนุนยิ้ม\projects\affiliate-studio\projects\voice-finetune\dataset\wavs\seg_0101.wav|มอเดลรับคือ แล้วทำทั้งหมด 48 มอเดล ไม่มีกระสวงกัดพลัง
D:\ขนุนยิ้ม\projects\affiliate-studio\projects\voice-finetune\dataset\wavs\seg_0102.wav|แต่โบเดล 54 โบเดลนี้คือเราทำการจูน ทั้งหมดนี้ทั้งสองโบเดลนี้ร่วมกันแล้วจูนประมาณ 20 ชั่วโมงนะครับ
D:\ขนุนยิ้ม\projects\affiliate-studio\projects\voice-finetune\dataset\wavs\seg_0104.wav|สำหรับข้อมูลที่มันแบบ เออ เรื่องที่ขั้น 100% เนี่ย ตรงนั้นมันหมายความว่า
D:\ขนุนยิ้ม\projects\affiliate-studio\projects\voice-finetune\dataset\wavs\seg_0105.wav|มันมีประมาณข้อมูลแน่นอนมาก
D:\ขนุนยิ้ม\projects\affiliate-studio\projects\voice-finetune\dataset\wavs\seg_0106.wav|ก็คือลูกค้าเอามาคืนน้อยน่ะแหละ อย่างเช่นขนแกนรับคืน ถ้าสิบสตรางอย่างนี้ รับ14%คือรับคืนน้อย
D:\ขนุนยิ้ม\projects\affiliate-studio\projects\voice-finetune\dataset\wavs\seg_0107.wav|มันก็เลยเกิดเอริกาทข้างเยอะเลยครับ ก็แต่ว่า...
D:\ขนุนยิ้ม\projects\affiliate-studio\projects\voice-finetune\dataset\wavs\seg_0108.wav|เป็นของที่ว่ามันน้อย ประโดยมันน้อย เอเวอร์ที่มันเกิดขึ้น มันก็ไม่ได้มี อิมแพกต์มากกับข้อมูล
D:\ขนุนยิ้ม\projects\affiliate-studio\projects\voice-finetune\dataset\wavs\seg_0109.wav|ในระดับประเทศ นั่นเองนะครับ โอเค นี่คือพฤติกรรมเหลียดให้ดูข้าวนะครับ ก็คือว่า 10 บาทเนี่ยจะพีกในช่วงของบะกรา และก็ทันวาคม
D:\ขนุนยิ้ม\projects\affiliate-studio\projects\voice-finetune\dataset\wavs\seg_0110.wav|ก็จะเป็นช่วงรอยต่อนะครับ ตรงนี้ก็จะต้องการสต๊อกเล็กมาเยอะหน่อย
D:\ขนุนยิ้ม\projects\affiliate-studio\projects\voice-finetune\dataset\wavs\seg_0111.wav|ในส่วนของกุมภาพภัน และตัวของมีนาคลม
D:\ขนุนยิ้ม\projects\affiliate-studio\projects\voice-finetune\dataset\wavs\seg_0112.wav|ด้วยส่วนของมีนาคม ท่านวาคมนี้ ค่อนข้างเยอะนะครับ
D:\ขนุนยิ้ม\projects\affiliate-studio\projects\voice-finetune\dataset\wavs\seg_0113.wav|ตัวของกระกระดาษคมนี่ก็ค่อนข้างแก่งตัว ค่อนข้างเยอะ ก็ต้องละวัด ละวัดระวัง
D:\ขนุนยิ้ม\projects\affiliate-studio\projects\voice-finetune\dataset\wavs\seg_0114.wav|ให้ดีๆด้วย อันนี้คือเหลี่ยน 1 บาทนะครับ ก็จะพฤติกรรมคล้ายๆกันกับ 10 บาทนะครับ ก็มีมีนาคลมกับทันวาคลมที่ค่อนข้างเยอะ แต่ว่าแถมมาด้วยมีนสายยนนิดหน่อย
D:\ขนุนยิ้ม\projects\affiliate-studio\projects\voice-finetune\dataset\wavs\seg_0115.wav|การทำโมงกันเดียวกันไปใช้งานนะครับ เราจะใช้... ตึงที่เราใช้ เซอร์วิส เลเวล ที่ 95%
D:\ขนุนยิ้ม\projects\affiliate-studio\projects\voice-finetune\dataset\wavs\seg_0116.wav|ความดูเป็นวันเทล นะครับ ซึ่งตรงนี้เราใช้ ข้าวสิทธิสเกอร์ ใช้ที่ 1.645
D:\ขนุนยิ้ม\projects\affiliate-studio\projects\voice-finetune\dataset\wavs\seg_0117.wav|แล้วก็จะได้เป็น คอนฟิเดนซ์ ที่ 95%
D:\ขนุนยิ้ม\projects\affiliate-studio\projects\voice-finetune\dataset\wavs\seg_0118.wav|อ่า เอ๊ย แปบนึงนะ อ่า ใช่ 95% เอ๊ย ใช่มั้ยนะ
D:\ขนุนยิ้ม\projects\affiliate-studio\projects\voice-finetune\dataset\wavs\seg_0119.wav|อ๋อ ใช่ๆๆ โอเคครับ การนำโมเดียวไม่ใช่งานนะครับ
D:\ขนุนยิ้ม\projects\affiliate-studio\projects\voice-finetune\dataset\wavs\seg_0120.wav|คือเราจะต้องทำการคำนวนฐาน สแตนดาร์ด ดีวิเอชัน ลายเดือนกับลายแต่มากก่อน
D:\ขนุนยิ้ม\projects\affiliate-studio\projects\voice-finetune\dataset\wavs\seg_0121.wav|ตัวที่ตรงนี้นะครับ คือเป็นรายเดือนแหละ แล้วก็เอารายเดือนมาชะเลียกันนะครับ ก็จะพบว่ามันอยู่ที่ 2.735
D:\ขนุนยิ้ม\projects\affiliate-studio\projects\voice-finetune\dataset\wavs\seg_0122.wav|ถ้าเกิดว่าเราเนี่ย
D:\ขนุนยิ้ม\projects\affiliate-studio\projects\voice-finetune\dataset\wavs\seg_0123.wav|สตอปติมัน เราคิดว่าเดือนหน้า มันต้องการอยู่ที่ 21.26 ล้าน
D:\ขนุนยิ้ม\projects\affiliate-studio\projects\voice-finetune\dataset\wavs\seg_0124.wav|เราไปบวกอีก 2.735 ล้าน มันจะมีโอกาสที่จะเพียงความเดินเดินต่อไปที่ 84.13%
D:\ขนุนยิ้ม\projects\affiliate-studio\projects\voice-finetune\dataset\wavs\seg_0125.wav|อ่ะ ประมาณดีครับ อันนี้คือ ค่าแสนอาดิวเยชั่นเนอะ เออ
D:\ขนุนยิ้ม\projects\affiliate-studio\projects\voice-finetune\dataset\wavs\seg_0126.wav|แต่ว่าค่าเสนอดเวยชันเนี่ย มันจะอยู่ที่ประมาณกี่เปอร์เซ็น ไม่มั่นใจ
D:\ขนุนยิ้ม\projects\affiliate-studio\projects\voice-finetune\dataset\wavs\seg_0127.wav|มันจะอยู่ที่ประมาณ...
D:\ขนุนยิ้ม\projects\affiliate-studio\projects\voice-finetune\dataset\wavs\seg_0128.wav|เอ...เท่าไหร่นะ แต่ว่าไม่ถึงคนนี้ โอเค ขอพักด้วย
D:\ขนุนยิ้ม\projects\affiliate-studio\projects\voice-finetune\dataset\wavs\seg_0129.wav|แต่ว่าไม่ถึง 95% สิ่งที่เราต้องการคือ 95% นั่นหมายความว่ามันจะต้อง...
D:\ขนุนยิ้ม\projects\affiliate-studio\projects\voice-finetune\dataset\wavs\seg_0130.wav|มากกว่า 2.735 อันนี้จะเป็นลายใต้มาดนะครับ แบ่งแย่ไปลายใต้มาด แล้วก็หาข้าชะเลียกัน
D:\ขนุนยิ้ม\projects\affiliate-studio\projects\voice-finetune\dataset\wavs\seg_0131.wav|เหมือนกับการที่เราใช้กับรายเดือนเลย นี่ครับก็คือ อันนี้นี่ มะกะราก็ 3 เดือนแล้วก็มาชะเลียกัน แต่ว่าสเป็ด 3 เดือนของทุกปีนะ
D:\ขนุนยิ้ม\projects\affiliate-studio\projects\voice-finetune\dataset\wavs\seg_0132.wav|เป็นสามเดือดของทุกปี ของทุกปีมาร่วมกัน แล้วก็ชะเลียกัน
D:\ขนุนยิ้ม\projects\affiliate-studio\projects\voice-finetune\dataset\wavs\seg_0133.wav|ก็จะรู้พฤติกรรมข้อมูลของเขา เมื่อได้เรียบร้อย เราทำการเช็คดู ก็จะเห็นว่าเออมันมี 4 จุดนะ
D:\ขนุนยิ้ม\projects\affiliate-studio\projects\voice-finetune\dataset\wavs\seg_0134.wav|ที่มันค่อนข้างที่จะโอเวอร์ ก็คือเป็นขาดมือไป 5 ไปประมาณ 4 เดือน
D:\ขนุนยิ้ม\projects\affiliate-studio\projects\voice-finetune\dataset\wavs\seg_0135.wav|ขาดมือใน 5% มีอยู่แค่ 4 เดิน
D:\ขนุนยิ้ม\projects\affiliate-studio\projects\voice-finetune\dataset\wavs\seg_0136.wav|แล้วก็ต้องไปดูว่าช่วงนั้นมันเกิดอะไรขึ้น
D:\ขนุนยิ้ม\projects\affiliate-studio\projects\voice-finetune\dataset\wavs\seg_0137.wav|มีใครที่มาซื้อเหลือกระสาบเยอะ เปลี่ยนประติหรือเปล่า ไปครับ
D:\ขนุนยิ้ม\projects\affiliate-studio\projects\voice-finetune\dataset\wavs\seg_0138.wav|แล้วจากนั้นเนี่ย เราก็ใช้ค่าประยะ...อ่า...แล้วจากนั้นเนี่ย...อ่า...
D:\ขนุนยิ้ม\projects\affiliate-studio\projects\voice-finetune\dataset\wavs\seg_0139.wav|เป็นเกสในการใช้งานนะครับ เราสามารถดูได้
D:\ขนุนยิ้ม\projects\affiliate-studio\projects\voice-finetune\dataset\wavs\seg_0140.wav|มันมีการพยากรเท่าไหร่ มีเซตต์ต๊อปเท่าไหร่ ต้องเตรียมเท่าไหร่ นี้เดี๋ยวถ่าย ๆ ไป อันนี้คือตัวอย่าง
D:\ขนุนยิ้ม\projects\affiliate-studio\projects\voice-finetune\dataset\wavs\seg_0141.wav|ในการใช้งานนะครับ ถ้วยการรับคืน ในหน้าคนก็ทำได้เหมือนกันเนอะ
D:\ขนุนยิ้ม\projects\affiliate-studio\projects\voice-finetune\dataset\wavs\seg_0142.wav|พึ่งเราก็สามารถ พึ่งการรับคืน เราออกมาพินิคทีปได้
D:\ขนุนยิ้ม\projects\affiliate-studio\projects\voice-finetune\dataset\wavs\seg_0143.wav|ก็จะเป็นข้าวพยากร 14.417 ล้านในเมืองมิถุนายน กระลักกระดาษคลมสิงหาคลมเนี่ย ลายไปได้เลย
D:\ขนุนยิ้ม\projects\affiliate-studio\projects\voice-finetune\dataset\wavs\seg_0144.wav|แล้วก็เราสามารถจับค่าความปิดปกติได้จากการวัด 2 สแตนดาร์ด ดีวิเอชัน นะครับ
D:\ขนุนยิ้ม\projects\affiliate-studio\projects\voice-finetune\dataset\wavs\seg_0145.wav|อย่างเช่นตัวของช่วงทางซ้ายเรื่องนี้ ที่เป็นจุดสามจุดเนี่ย ความอาจจะไปดูเนี่ยว่า ทำไมช่วงนี้มันลับคืนเยอะ ผิดประกัตติ
D:\ขนุนยิ้ม\projects\affiliate-studio\projects\voice-finetune\dataset\wavs\seg_0147.wav|ตรงหมดว่าเชียงใหม่มีเงิน...
D:\ขนุนยิ้ม\projects\affiliate-studio\projects\voice-finetune\dataset\wavs\seg_0148.wav|คงคังได้มากกว่า 50 ล้านบาท แล้วก็
D:\ขนุนยิ้ม\projects\affiliate-studio\projects\voice-finetune\dataset\wavs\seg_0149.wav|ตรงข้างล่าจะเป็น ดีดอกนิก คือค่าที่มันลดลงในทุกๆเดือน โดชะเลีย
D:\ขนุนยิ้ม\projects\affiliate-studio\projects\voice-finetune\dataset\wavs\seg_0150.wav|ของการสตอค จ่ายแรงรบกับรับคืน จะเท่ากับดีดอก
D:\ขนุนยิ้ม\projects\affiliate-studio\projects\voice-finetune\dataset\wavs\seg_0151.wav|ในของเหลียดนั้น เฟซ ก็คือหน้าเหลียด อย่างเช่นตรงนี้ก็รวมกัน ได้อยู่ที่ 33.85
D:\ขนุนยิ้ม\projects\affiliate-studio\projects\voice-finetune\dataset\wavs\seg_0152.wav|ตรงนี้นะครับ ดูด้วยด้านตรงนี้ตรงเวตรมันนะครับ
D:\ขนุนยิ้ม\projects\affiliate-studio\projects\voice-finetune\dataset\wavs\seg_0153.wav|ถ้ากับ 7.38 เดือน น่าเป็นคำว่า เออ ประมาณ 7.4 เดือน ถ้าหากว่าเรา แบบ ทำการ สต๊อก
D:\ขนุนยิ้ม\projects\affiliate-studio\projects\voice-finetune\dataset\wavs\seg_0154.wav|10 บาท 5 บาท 2 บาท จน 25 ตัง ไว้เท่านี้ทุกเหลียน
D:\ขนุนยิ้ม\projects\affiliate-studio\projects\voice-finetune\dataset\wavs\seg_0155.wav|เท่าเท่ากับตรงนี้ทุกเหลียด มีอายุอยู่ได้ถึง 7.4 เดือนเลย
D:\ขนุนยิ้ม\projects\affiliate-studio\projects\voice-finetune\dataset\wavs\seg_0156.wav|อ่า...ประมาณนี้ แล้วเราก็จะเอาไปบริหารจัดการได้ต่อ
D:\ขนุนยิ้ม\projects\affiliate-studio\projects\voice-finetune\dataset\wavs\seg_0157.wav|ตัวนี้ก็เป็น ยูส เคส หนึ่งแล้วกันที่เอามาไปปัด
D:\ขนุนยิ้ม\projects\affiliate-studio\projects\voice-finetune\dataset\wavs\seg_0158.wav|ขอบคุณมาก คิดว่าค่าว่าอาจจะถูกใจท่านกับประกาศ ขอบคุณมากเลยครับ
D:\ขนุนยิ้ม\projects\affiliate-studio\projects\voice-finetune\dataset\wavs\seg_0159.wav|โอเค สวัสดีครับ กลุ่มของเรานะครับก็...
D:\ขนุนยิ้ม\projects\affiliate-studio\projects\voice-finetune\dataset\wavs\seg_0161.wav|ก่อนอื่นต้องพูดถึงที่มาแล้วความสำคัญก่อน
D:\ขนุนยิ้ม\projects\affiliate-studio\projects\voice-finetune\dataset\wavs\seg_0162.wav|ไม่ว่าเราจะอยู่ส่วนรัฐการไหนของประเทศ
D:\ขนุนยิ้ม\projects\affiliate-studio\projects\voice-finetune\dataset\wavs\seg_0163.wav|แล้วก็จะมีภาระงานในร้านต่างๆ ใช่ไหมครับ
D:\ขนุนยิ้ม\projects\affiliate-studio\projects\voice-finetune\dataset\wavs\seg_0164.wav|เพราะมันมีภาระงานมาเยอะ เราก็จำเป็นต้องมีคนหลาย ๆ คนในการจัดการงาน
D:\ขนุนยิ้ม\projects\affiliate-studio\projects\voice-finetune\dataset\wavs\seg_0165.wav|เพราะมันมีคนหลายคนในการจัดการงานเนี่ย ก็ประกอดว่า...
D:\ขนุนยิ้ม\projects\affiliate-studio\projects\voice-finetune\dataset\wavs\seg_0166.wav|ไอ้พวก ไอ้พวกงานเตือนแต่ละคนเขาจะเซ็บไปเก็บไว้เนี่ย แล้วก็คุกคุมไม่ได้นะว่าเขาจะเซ็บไปเก็บไว้ไหน
D:\ขนุนยิ้ม\projects\affiliate-studio\projects\voice-finetune\dataset\wavs\seg_0167.wav|อ่า คราวนี้เนี่ย เราก็ มันก็ทำให้คนที่แบบมาทำงานต่อก็ควรหายเอกสารยาก
D:\ขนุนยิ้ม\projects\affiliate-studio\projects\voice-finetune\dataset\wavs\seg_0168.wav|แล้วก็ต้องใช้ประสบการณ์ในการค้นหา รายฐานหนึ่งเลย ถึงจะค้นหาเจอ
D:\ขนุนยิ้ม\projects\affiliate-studio\projects\voice-finetune\dataset\wavs\seg_0169.wav|แล้วก็จำได้อะไรอย่างนี้บางวันก็ลืมนะครับ แล้วก็ตัวของวินโดนไม่สามารถค้นหาข้อมูลใครในเนื้อ
D:\ขนุนยิ้ม\projects\affiliate-studio\projects\voice-finetune\dataset\wavs\seg_0170.wav|ของ พีดีเอฟ ที่เป็นพวก อิมเมจ ได้ ก็คือว่าถ้ามันเป็นภาพ อิมเมจ จะไม่สามารถค้นได้เลย
D:\ขนุนยิ้ม\projects\affiliate-studio\projects\voice-finetune\dataset\wavs\seg_0171.wav|แล้วก็หากมีเข้ารัจการกะเสียนหรือเปลี่ยนตำแหน่ง มีโอกาสที่ข้อมูลจะซุนหาย
D:\ขนุนยิ้ม\projects\affiliate-studio\projects\voice-finetune\dataset\wavs\seg_0172.wav|หาไม่เจอด้วยนะครับ ผมก็เลยมีหน่าทางในการแก้ไข่คือว่าเรา
D:\ขนุนยิ้ม\projects\affiliate-studio\projects\voice-finetune\dataset\wavs\seg_0173.wav|แล้วก็จะใช้ตัวแนวคิดของคุณอังเดคาปัตตี้ก็คือ เป็นแนวคิดเกี่ยวกับตัวของ แอลแอลเอ็มวิกิ
D:\ขนุนยิ้ม\projects\affiliate-studio\projects\voice-finetune\dataset\wavs\seg_0174.wav|มาทำการ เอ็มเบดดิง ข้อมูลใส่ไว้ในตัวของ เวกเตอร์ ดาต้าเบส
D:\ขนุนยิ้ม\projects\affiliate-studio\projects\voice-finetune\dataset\wavs\seg_0175.wav|แล้วก็ทำเป็น มาร์กดาวน์ ไว้ด้วย เพื่อให้ตัวของ โลคอล แอลแอลเอ็ม ของเรา
D:\ขนุนยิ้ม\projects\affiliate-studio\projects\voice-finetune\dataset\wavs\seg_0176.wav|สามารถที่จะใช้ตอบคุมถามแบบนี้ง่าสั้นๆได้ แล้วก็เป็น...แล้วก็หลังจากนั้นก็มันทึกไว้ใน ออบซิเดียน
D:\ขนุนยิ้ม\projects\affiliate-studio\projects\voice-finetune\dataset\wavs\seg_0177.wav|เพื่อการค้นหาได้รุดเร็ว
D:\ขนุนยิ้ม\projects\affiliate-studio\projects\voice-finetune\dataset\wavs\seg_0178.wav|เป็นระบบภายในตัวนะครับ ก็คือว่า
D:\ขนุนยิ้ม\projects\affiliate-studio\projects\voice-finetune\dataset\wavs\seg_0179.wav|ก่อนอื่นต้องอธิบายก่อนว่าตัวของ แอลแอลเอ็ม วิกิ นี่คืออะไร
D:\ขนุนยิ้ม\projects\affiliate-studio\projects\voice-finetune\dataset\wavs\seg_0180.wav|ก็คือ คุณอันเดคลาปัตตี้ เค้าบอกว่ามันมีปก...อ่า...
D:\ขนุนยิ้ม\projects\affiliate-studio\projects\voice-finetune\dataset\wavs\seg_0181.wav|มันก็คือการที่เรามีหล่อซอส ก็คือเป็นตัวของ
D:\ขนุนยิ้ม\projects\affiliate-studio\projects\voice-finetune\dataset\wavs\seg_0182.wav|ข้อมูลที่เราแบบเก็บเข้ามาไว้เรียบร้อยแล้วก็เป็นข้อมูลที่แบบพร้อมที่จะ
D:\ขนุนยิ้ม\projects\affiliate-studio\projects\voice-finetune\dataset\wavs\seg_0183.wav|เอาไปใช้สำหรับการเรียนรู้นะครับ โดยที่ตัวของ แอลแอลเอ็ม เนี่ยจะอ่านข้อมูลตัวเนี้ยแต่จะไม่
D:\ขนุนยิ้ม\projects\affiliate-studio\projects\voice-finetune\dataset\wavs\seg_0184.wav|แต่จะไม่มีการตับเปลี่ยนข้อมูลนั้น จะถือว่าเป็น ซอร์ต ออฟ ทรูธ ก็คือ โอเค เราเรียนรู้อะไรมา ก็คือจะเก็บข้อมูลนั้นจำเอาไว้
D:\ขนุนยิ้ม\projects\affiliate-studio\projects\voice-finetune\dataset\wavs\seg_0185.wav|ซึ่งผมพยายามใช้เป็น โลคอล แอลแอลเอ็ม ก็เพราะว่า
D:\ขนุนยิ้ม\projects\affiliate-studio\projects\voice-finetune\dataset\wavs\seg_0186.wav|มันจะไม่เกิดข้อมูลร่วมหลายออกไป แต่ในการพัฒนากับบวนการพัฒนาของโปรเจคเนี่ย
D:\ขนุนยิ้ม\projects\affiliate-studio\projects\voice-finetune\dataset\wavs\seg_0187.wav|ผมใช้เป็นตัวของพวกฟันเทียร์โมเดลมาทำกัน
D:\ขนุนยิ้ม\projects\affiliate-studio\projects\voice-finetune\dataset\wavs\seg_0188.wav|มาทำการสร้างก่อน หลังจากนั้น พอเราได้ โอเค ตัวของโมเดลในการ อินเจสชัน
D:\ขนุนยิ้ม\projects\affiliate-studio\projects\voice-finetune\dataset\wavs\seg_0189.wav|ในการทำ สร้างระบบเรียบร้อยแล้วเนี่ย เราก็ทำการ...เอ่อ...
D:\ขนุนยิ้ม\projects\affiliate-studio\projects\voice-finetune\dataset\wavs\seg_0191.wav|แล้วก็ โอเค เก็บข้อมูลลงมา โอเค ถ้าเกิดว่า ระบบลันได้ แล้วก็จะ
D:\ขนุนยิ้ม\projects\affiliate-studio\projects\voice-finetune\dataset\wavs\seg_0192.wav|เอาของจริงมาใช้ ซึ่งการ อินเจกชัน ข้อมูลเก็บไว้ มันไม่ได้ใช้ตัวของ แอลแอลเอ็ม นะครับ มันจะเป็นพวก
D:\ขนุนยิ้ม\projects\affiliate-studio\projects\voice-finetune\dataset\wavs\seg_0193.wav|อ่า พวกโคตรที่แบบ อ่า เป็น เป็น เป็นแบบสำเร็จรูปเรียบร้อยจากการที่เราไป
D:\ขนุนยิ้ม\projects\affiliate-studio\projects\voice-finetune\dataset\wavs\seg_0194.wav|อ่ะ สร้างมันด้วยฟันทีอ่ะ อันนี้แสกให้ฟังนิดนึง
D:\ขนุนยิ้ม\projects\affiliate-studio\projects\voice-finetune\dataset\wavs\seg_0195.wav|แล้วต่อมาตัวของวิกกี้ก็คือตัวเดร็คตรอร์รี่
D:\ขนุนยิ้ม\projects\affiliate-studio\projects\voice-finetune\dataset\wavs\seg_0196.wav|ลอเอมทิ้งเขาจะเจนเตอร์แลตัวของมาคดาวเนอะ
D:\ขนุนยิ้ม\projects\affiliate-studio\projects\voice-finetune\dataset\wavs\seg_0197.wav|แต่คงผมไปทำเพิ่มเป็นเจนเตอร์เลต เป็นตัวของ
D:\ขนุนยิ้ม\projects\affiliate-studio\projects\voice-finetune\dataset\wavs\seg_0198.wav|เอ่อ ไม่สิ ผมไปทำเพิ่มเป็นให้มัน อินเจสต์ ไปเป็นตัวของ เวกเตอร์ ดาต้าเบส ด้วย เพื่อที่จะเอาไปให้ แอลแอลเอ็ม มันตอบ
D:\ขนุนยิ้ม\projects\affiliate-studio\projects\voice-finetune\dataset\wavs\seg_0199.wav|ได้ง่ายขึ้นด้วย ซึ่งทั้งหมดนี้
D:\ขนุนยิ้ม\projects\affiliate-studio\projects\voice-finetune\dataset\wavs\seg_0201.wav|จะเป็นแค่ๆกับคอนเวชั่นลูน คอนเวชั่นนะครับ ก็คือเป็นลูนนั่นแหละ
D:\ขนุนยิ้ม\projects\affiliate-studio\projects\voice-finetune\dataset\wavs\seg_0202.wav|อันก็คือเป็นกฎระเบียบที่เขาจะเอาไว้ควบคุมในตัวของ
D:\ขนุนยิ้ม\projects\affiliate-studio\projects\voice-finetune\dataset\wavs\seg_0203.wav|งานงานนี้ นั่นเองนะครับ นั่นนี้คือสกิมมา
D:\ขนุนยิ้ม\projects\affiliate-studio\projects\voice-finetune\dataset\wavs\seg_0204.wav|แล้วก็ ขั้นต่อการทำงานคือว่า
D:\ขนุนยิ้ม\projects\affiliate-studio\projects\voice-finetune\dataset\wavs\seg_0205.wav|สมบุตรฝ่ายรับจ่ายนำส่งอีกครั้ง ในครับ นำข้อมูลให้เจ้าหน้าที่นัก นำข้อมูลเข้าไปใน โฟลเดอร์ ใด โฟลเดอร์ หนึ่ง
D:\ขนุนยิ้ม\projects\affiliate-studio\projects\voice-finetune\dataset\wavs\seg_0206.wav|แล้วจากนั้นเนี่ย ก็จะใช้ตัวที่เป็นโคตรสำหรับการ อินเจสต์ ข้อมูลเนี่ย ดึงข้อมูลมา ถ้าหาว่าเป็น เวิร์ด เป็น เอกเซล เป็น เท็กซ์ เนี่ย สามารถอำเข้าได้เลย
D:\ขนุนยิ้ม\projects\affiliate-studio\projects\voice-finetune\dataset\wavs\seg_0207.wav|แต่ถ้าเป็น พีดีเอฟ ที่เป็นภาพ อิมเมจ จะทำงาน โอซีอาร์ ก่อน
D:\ขนุนยิ้ม\projects\affiliate-studio\projects\voice-finetune\dataset\wavs\seg_0208.wav|ก็จะ พอ โอซีอาร์ เสร็จตัวมันก็จะกลายไปเป็น เทก ใช่ไหมครับ ก็ทำสำหรับสำหรับนำเข้าได้เลย
D:\ขนุนยิ้ม\projects\affiliate-studio\projects\voice-finetune\dataset\wavs\seg_0211.wav|ก็จะอยู่ในดอกวาววิกีแล้ว แล้วครั้งนี้พอมันอยู่ในดอกวาววิกีเนี่ย
D:\ขนุนยิ้ม\projects\affiliate-studio\projects\voice-finetune\dataset\wavs\seg_0212.wav|ตัวของ ออบซิเดียน ก็สามารถดึงข้อมูล มาร์กดาวน์ ที่เป็นฟาย มาร์กดาวน์ ไปแสดงผลได้
D:\ขนุนยิ้ม\projects\affiliate-studio\projects\voice-finetune\dataset\wavs\seg_0214.wav|ไปทำการตอบล่าวได้ ซึ่งตัวนี้ผมใช้แค่ควร
D:\ขนุนยิ้ม\projects\affiliate-studio\projects\voice-finetune\dataset\wavs\seg_0215.wav|เกรน 3 แปดบิเลียนเท่านั้นนะครับ เป็นโมนเดียวเล็กๆ
D:\ขนุนยิ้ม\projects\affiliate-studio\projects\voice-finetune\dataset\wavs\seg_0216.wav|ตาม ตามประสิทธิภาพของเครื่องที่เรา ใช้สร้างไอ้ครับ เอ่อ ครั้งนี้ ออบซิเดียน นะครับ มีประโยชน์ยังไงก็คือว่า มันสามารถเซิร์จหาข้อมูลได้ อย่างเช่นแบบทางซ้ายเซิร์จ คำว่าพระพันภีหลวง ก็จะเห็นข้อมูลว่าอยู่ที่ตรงไหน
D:\ขนุนยิ้ม\projects\affiliate-studio\projects\voice-finetune\dataset\wavs\seg_0217.wav|แต่ตรงนี้อาจจะเห็นไม่ชัด แต่ว่ามันก็จะเห็นว่ามีการแบกเป็นความประชิกกรรม มีข้อมูล มีเอกสัตว์อะไรบ้างที่...
D:\ขนุนยิ้ม\projects\affiliate-studio\projects\voice-finetune\dataset\wavs\seg_0218.wav|ที่เรายิงเป็นบัญชีการของปี 2565 อะไรอย่างนี้เป็นต้นนะครับ
D:\ขนุนยิ้ม\projects\affiliate-studio\projects\voice-finetune\dataset\wavs\seg_0219.wav|แล้วก็ใช้ดูตรงกลางเน็ตชะมัดใช้ดูได้
D:\ขนุนยิ้ม\projects\affiliate-studio\projects\voice-finetune\dataset\wavs\seg_0220.wav|โนตรที่มีขนาดเยอะๆอย่างตัวนี้ก็จะมีความสัมพันธ์กับเพื่อนค่อนข้างเยอะ
D:\ขนุนยิ้ม\projects\affiliate-studio\projects\voice-finetune\dataset\wavs\seg_0221.wav|ซึ่งใช้ดูงานที่ใช้บ่อยได้ ใช้เห็นภาพลงของงานได้ด้วยนะครับ
D:\ขนุนยิ้ม\projects\affiliate-studio\projects\voice-finetune\dataset\wavs\seg_0222.wav|เพราะเราคิดเข้าไปในโนตร อย่างเช่นตรงนี้ก็ประมาณลายจ่ายและแผนการใช้งานใช่ไหมครับ
D:\ขนุนยิ้ม\projects\affiliate-studio\projects\voice-finetune\dataset\wavs\seg_0223.wav|ก็พอคิดเข้ามาแล้วเนี่ย เราก็จะเห็นว่า โอเค มันก็จะเลี่ยงไว้อย่างสวยงามเลยนะครับว่า
D:\ขนุนยิ้ม\projects\affiliate-studio\projects\voice-finetune\dataset\wavs\seg_0224.wav|เอ่อ งานตรงนี้ก็ประมาณมันมีไฟที่เกี่ยวกล้องบ้างหนึ่ง
D:\ขนุนยิ้ม\projects\affiliate-studio\projects\voice-finetune\dataset\wavs\seg_0225.wav|ข้าจ่างขนยาย ปี 70 อะไรอย่างนี้ล้ายลงไปมีข้าขนยายเหลี่ยนมีอะไรอย่างนี้นะครับ
D:\ขนุนยิ้ม\projects\affiliate-studio\projects\voice-finetune\dataset\wavs\seg_0226.wav|ซึ่ง พอเราคิดเข้ามาในนี้ ข้าจ่างขนยายปี 70 เนี่ย แล้วก็จะเห็นว่าเออมันมีไฟ
D:\ขนุนยิ้ม\projects\affiliate-studio\projects\voice-finetune\dataset\wavs\seg_0227.wav|ในกาศาสในคงการที่มีอะไรบ้างอยู่ข้างล่างนี้ ก็จะสะดวกในการคุ้นหาข้อมูลไปในระดับหนึ่ง
D:\ขนุนยิ้ม\projects\affiliate-studio\projects\voice-finetune\dataset\wavs\seg_0228.wav|ในส่วนของละข้อ แอลแอลเอ็ม ก็จะมีการ อินเจสต์ ข้อมูลเข้าไป
D:\ขนุนยิ้ม\projects\affiliate-studio\projects\voice-finetune\dataset\wavs\seg_0229.wav|ในงานที่ผมทางนี้มีอยู่ประมาณ 7,000 ฟาย แต่ว่าทำไปประมาณ 4,375 ฟายแล้ว อันนี้ก็ใช้เวลาประมาณ 10 ชั่วโมงในการ อินเจสต์ ท้อมูลแล้วเพราะว่า...
D:\ขนุนยิ้ม\projects\affiliate-studio\projects\voice-finetune\dataset\wavs\seg_0230.wav|ตัวของเครื่องผมมันไม่ได้แรงขนาดนั้นนะครับ ก็ใช้เวลานานนิดหนึ่ง เพราะ อินเจสต์ เข้ามาแล้วเนี่ย ก็...
D:\ขนุนยิ้ม\projects\affiliate-studio\projects\voice-finetune\dataset\wavs\seg_0231.wav|ก็เวลาเราถามเขาอย่างเช่นแบบคำความรู้นี้มีข้อมูลอะไรบ้าง เขาก็ตอบมาเป็นธรรมชาติมากเลยนะครับ
D:\ขนุนยิ้ม\projects\affiliate-studio\projects\voice-finetune\dataset\wavs\seg_0232.wav|อธิบายขั้นตอน อย่างเช่นแบบอธิบายขั้นตอนเหลี่ยงกระสาบที่ละลึกหน่อยครับ
D:\ขนุนยิ้ม\projects\affiliate-studio\projects\voice-finetune\dataset\wavs\seg_0233.wav|แต่มันอธิบาให้เราฟังได้ครับว่า มันมีอะไรบ้าง แล้วก็มาจากเอกสัตว์ในบ้าง
D:\ขนุนยิ้ม\projects\affiliate-studio\projects\voice-finetune\dataset\wavs\seg_0234.wav|อะไรอย่างนี้เป็นตอนนะครับ ซึ่งตรงนี้เนี่ย ย้ำอีกครั้งหนึ่งว่ามันเป็นโลกคอลนะครับ มันไม่หลุดไปข้างนอกอยู่แล้ว
D:\ขนุนยิ้ม\projects\affiliate-studio\projects\voice-finetune\dataset\wavs\seg_0235.wav|ไม่ต้องห่วงเรื่องของการจะเกิดริเกจของข้อมูล ดาตาไม่ลิกแน่นอน
D:\ขนุนยิ้ม\projects\affiliate-studio\projects\voice-finetune\dataset\wavs\seg_0236.wav|อ่า คราวนี้เนี่ย ตัวของ จะเห็นว่ามันมีความสะดุสบายเนอะ
D:\ขนุนยิ้ม\projects\affiliate-studio\projects\voice-finetune\dataset\wavs\seg_0237.wav|ตัวของ ตัวนี้นะครับ ตัวไหน ตัวนี้นะครับ ก็จะเป็น
D:\ขนุนยิ้ม\projects\affiliate-studio\projects\voice-finetune\dataset\wavs\seg_0239.wav|เกิดอย่างเช่นเราอาจจะถามว่าเออคันต้องการคุณยายเหลียน อะไรอย่างนี้เป็นต้น
D:\ขนุนยิ้ม\projects\affiliate-studio\projects\voice-finetune\dataset\wavs\seg_0240.wav|ก็จะรอเขาตอบประมาณ 1 นาที นะครับ เพราะว่าเป็นโลโคล เนอะ
D:\ขนุนยิ้ม\projects\affiliate-studio\projects\voice-finetune\dataset\wavs\seg_0241.wav|ก็จะมีการทำงานอยู่ข้างหลังตรงนี้ ก็จะเห็นว่าเขาใช้ควน
D:\ขนุนยิ้ม\projects\affiliate-studio\projects\voice-finetune\dataset\wavs\seg_0242.wav|มีการเรียกข้อมูลออกมานะ ก็จะเป็นแบบ
D:\ขนุนยิ้ม\projects\affiliate-studio\projects\voice-finetune\dataset\wavs\seg_0243.wav|อย่างที่เห็นนะครับ ก็โลกข้อทั้งหมดเลยนะครับ
D:\ขนุนยิ้ม\projects\affiliate-studio\projects\voice-finetune\dataset\wavs\seg_0244.wav|โอเค
D:\ขนุนยิ้ม\projects\affiliate-studio\projects\voice-finetune\dataset\wavs\seg_0245.wav|ก็รอเข้าตอบ ประมาณนี้ครับ ตอนที่รอเข้าตอบ เดี๋ยวเราไปดู ออบซิเดียน นิ่งๆนะครับ
D:\ขนุนยิ้ม\projects\affiliate-studio\projects\voice-finetune\dataset\wavs\seg_0246.wav|โอปซิดเดียน ตัวของโอปซิดเดียนเนี่ยก็จะ...
D:\ขนุนยิ้ม\projects\affiliate-studio\projects\voice-finetune\dataset\wavs\seg_0247.wav|สามารถที่จะค้นไปให้ดูเมื่อตะคู่นี้
D:\ขนุนยิ้ม\projects\affiliate-studio\projects\voice-finetune\dataset\wavs\seg_0248.wav|มันก็จะมาหน้าตาอย่างนี้นะครับ แล้วก็สามารถชิ้นไปได้นะครับ โน้ทใหญ่ๆ
D:\ขนุนยิ้ม\projects\affiliate-studio\projects\voice-finetune\dataset\wavs\seg_0249.wav|ก็เห็นว่าโอ้โห สิ่งกระสับที่ละลึกเนี่ย ค่อนข้ามมีความสัมพันธ์กับคนอื่นเยอะ ลาดจะคิดเข้าไปดู
D:\ขนุนยิ้ม\projects\affiliate-studio\projects\voice-finetune\dataset\wavs\seg_0250.wav|สมมติเราคิดเข้ามาดูตรงเนี้ย เราจะเห็นว่า ฮึ้ย มันจัดเรียง อะไรค่อนข้างสวยเลยนะ
D:\ขนุนยิ้ม\projects\affiliate-studio\projects\voice-finetune\dataset\wavs\seg_0251.wav|มี 60 ปีม.ช. 100 ปีพ.พินาฮิ แล้วก็คิดก็ไปดูได้
D:\ขนุนยิ้ม\projects\affiliate-studio\projects\voice-finetune\dataset\wavs\seg_0252.wav|แล้วก็จะเห็นรายลิฟท์ข้างในนะครับ ตรงนี้เราก็สามารถที่จะคิดไปดูอย่างเช่นแบบตรงนี้มีแล้วเบียบไหม
D:\ขนุนยิ้ม\projects\affiliate-studio\projects\voice-finetune\dataset\wavs\seg_0253.wav|อัมกินประกาศกระสวง ขึ้นไปดู เห็นไหม ก็ขึ้นมาเลย
D:\ขนุนยิ้ม\projects\affiliate-studio\projects\voice-finetune\dataset\wavs\seg_0254.wav|ก็จะเป็นจุดที่ค่อนข้างสะดวกในการควดถามข้อมูล
D:\ขนุนยิ้ม\projects\affiliate-studio\projects\voice-finetune\dataset\wavs\seg_0255.wav|จะเห็นว่าผมใช้เวลาไม่ดึง 1 อาทีในการหาฝ่ายตรงนี้
D:\ขนุนยิ้ม\projects\affiliate-studio\projects\voice-finetune\dataset\wavs\seg_0256.wav|น่าครับ ประมาณนี้เนอะ สมมติว่าเราเป็นร้อยปีปลอชนอร์ได้ป่ะ
D:\ขนุนยิ้ม\projects\affiliate-studio\projects\voice-finetune\dataset\wavs\seg_0257.wav|ไม่รู้ว่าจะเห็นภาพไหนนะ เพราะลองสดๆ
D:\ขนุนยิ้ม\projects\affiliate-studio\projects\voice-finetune\dataset\wavs\seg_0258.wav|แล้วเปลี่ยนบอสชนออก นายครับ ก็เห็นว่ามันมีข้อมูลขึ้นมาอย่างนี้เพื่อ...
D:\ขนุนยิ้ม\projects\affiliate-studio\projects\voice-finetune\dataset\wavs\seg_0259.wav|แล้วก็คิดเข้าไปดู เห็น โอลาบีบอชนอ คิดตรงนี้
D:\ขนุนยิ้ม\projects\affiliate-studio\projects\voice-finetune\dataset\wavs\seg_0260.wav|ก็เห็นรับพี่บอชนอ นะ หน่วยงานที่ขอเบอร์สอบถามรักค่ะ
D:\ขนุนยิ้ม\projects\affiliate-studio\projects\voice-finetune\dataset\wavs\seg_0261.wav|ข้อมูลทั้งหมดเลยที่เราต้องการเห็นนะ
D:\ขนุนยิ้ม\projects\affiliate-studio\projects\voice-finetune\dataset\wavs\seg_0262.wav|อ่า ประมาณนี้อ่ะครับ สำหรับนกข้อ แอลแอลเอ็ม
D:\ขนุนยิ้ม\projects\affiliate-studio\projects\voice-finetune\dataset\wavs\seg_0263.wav|ที่เป็นตัวพิกกี้ เรากลับมาย้อนดูตรงนี้นิดนึงนะครับ
D:\ขนุนยิ้ม\projects\affiliate-studio\projects\voice-finetune\dataset\wavs\seg_0264.wav|อ่า พอเราขนยายเหลียดใช่ไหมก็โอเค มี
D:\ขนุนยิ้ม\projects\affiliate-studio\projects\voice-finetune\dataset\wavs\seg_0265.wav|อะไรตอบกลับมาทั้งหมดนะครับ แล้วก็บอกที่ว่าเอ่อ อ่ะอย่างนี้มาจากไอเกษัตรไหน
D:\ขนุนยิ้ม\projects\affiliate-studio\projects\voice-finetune\dataset\wavs\seg_0266.wav|ที่นี่ก็ค่ะ ผมค่อนข้างคิดค่อนข้างชั่วว่านะครับ น่าจะมีประโยชน์มากๆ
D:\ขนุนยิ้ม\projects\affiliate-studio\projects\voice-finetune\dataset\wavs\seg_0267.wav|ถ้าเรานำไปใช้กันจริงๆ ก็...
D:\ขนุนยิ้ม\projects\affiliate-studio\projects\voice-finetune\dataset\wavs\seg_0268.wav|สามารถสอบถามมาได้นะครับ แต่ว่าก็คงจะต้องแบบใช้ตัวของ พวกฟ้อมเทียร์ในการช่วย อย่างเช่นพวกคลอร์ด คโคเวอร์กอะไรอย่างเงี้ย
D:\ขนุนยิ้ม\projects\affiliate-studio\projects\voice-finetune\dataset\wavs\seg_0269.wav|ในการช่วยในการสร้าง โอเค
D:\ขนุนยิ้ม\projects\affiliate-studio\projects\voice-finetune\dataset\wavs\seg_0270.wav|ขอบคุณมากครับ
D:\ขนุนยิ้ม\projects\affiliate-studio\projects\voice-finetune\dataset\wavs\seg_0271.wav|สวัสดีครับ กลุ่มของพวกเรานะครับ ก็ได้ทำเรื่องเกี่ยวกับฝ่ารานลูกกลมหลิงกระสาดที่ละลึกพร้อม เอไอ ผู้ช่วยนะครับ
D:\ขนุนยิ้ม\projects\affiliate-studio\projects\voice-finetune\dataset\wavs\seg_0272.wav|อ่า...ที่มาแล้วความสำคัญก็คือว่า... หลิงกระสามที่เรื่องๆ เป็นมะโรดออกทางประวัติศาสต์นะครับ
D:\ขนุนยิ้ม\projects\affiliate-studio\projects\voice-finetune\dataset\wavs\seg_0273.wav|ที่กรมธนาลักษณ์ได้มีการจะทำเด็กกระสาบที่ละลึกมาหลายร้อยวาลาแล้ว
D:\ขนุนยิ้ม\projects\affiliate-studio\projects\voice-finetune\dataset\wavs\seg_0274.wav|แต่ว่าข้อมูลมันถูกรวบรวมไว้ในหลายลูกแบบ เมื่อว่าจะเป็น เวิร์ด, เอกเซล, พีดีเอฟ
D:\ขนุนยิ้ม\projects\affiliate-studio\projects\voice-finetune\dataset\wavs\seg_0275.wav|หรือว่าเป็นเอกสัตว์นิดอื่น หรือว่าเป็นบนเวฟ เป็นรูปภาพ อะไรอย่างนี้ หรือเป็น พีดีเอฟ ที่เป็นแบบ อิมเมจ อย่างนี้
D:\ขนุนยิ้ม\projects\affiliate-studio\projects\voice-finetune\dataset\wavs\seg_0276.wav|มันก็เลยทำให้การสืบค้นข้อมูลมันคือข้างยาก
D:\ขนุนยิ้ม\projects\affiliate-studio\projects\voice-finetune\dataset\wavs\seg_0277.wav|ก็เลยคิดว่าเราก็อยากจะสร้างตอนนี้ขึ้นมาเพื่อที่จะรวบดวม
D:\ขนุนยิ้ม\projects\affiliate-studio\projects\voice-finetune\dataset\wavs\seg_0278.wav|ข้อมูลมันไว้อยู่ที่เดียวกัน เช่น ชนิดโรหาราคาเจ้าดวนผลิตเท่าไหร่ จำหน่ายเท่าไหร่ แล้วสถาน่านหน้าน่านหลังเป็นยังไง
D:\ขนุนยิ้ม\projects\affiliate-studio\projects\voice-finetune\dataset\wavs\seg_0279.wav|ซึ่งมันจะช่วยในเรื่องของการย้อนเราย้อมเวลาในการคดหา
D:\ขนุนยิ้ม\projects\affiliate-studio\projects\voice-finetune\dataset\wavs\seg_0280.wav|และก็ประตูประสงหลังหลักของเราคือ 1 เพื่อเก็บรวมๆ ข้อมูลเหลี่ยงกระสาบที่เราลึกไว้ที่เดียวกัน
D:\ขนุนยิ้ม\projects\affiliate-studio\projects\voice-finetune\dataset\wavs\seg_0281.wav|2. เพื่อสร้างระบบการควนหาที่สะดวก 3. เพื่อสร้างตัวของ เอไอ มาช่วยต่อคำถาม
D:\ขนุนยิ้ม\projects\affiliate-studio\projects\voice-finetune\dataset\wavs\seg_0282.wav|ดาตาแปปลายโฟล ของเราคือว่าขั้นแรกเราจะทำการนำเข้าข้อมูล
D:\ขนุนยิ้ม\projects\affiliate-studio\projects\voice-finetune\dataset\wavs\seg_0283.wav|ก็คือ ตรงนี้มันจะมี
D:\ขนุนยิ้ม\projects\affiliate-studio\projects\voice-finetune\dataset\wavs\seg_0284.wav|ตัวของชื่อ วาระ และก็เป็นรายละเย็ด
D:\ขนุนยิ้ม\projects\affiliate-studio\projects\voice-finetune\dataset\wavs\seg_0285.wav|ข้าวๆ ที่เราสามารถเสิร์ดได้ในเน็ตนะฮะ สองนี้ก็จะเป็นเสิร์มข้อมูลเหลี่ยนนะครับ โดยที่เราจะใช้ตัวพวกคนเทียมโมเดลนะครับ ไป...
D:\ขนุนยิ้ม\projects\affiliate-studio\projects\voice-finetune\dataset\wavs\seg_0286.wav|เอ่อ อย่างที่ไม่น่าอีกคอต อะไรอย่างนี้ ไปทำการ
D:\ขนุนยิ้ม\projects\affiliate-studio\projects\voice-finetune\dataset\wavs\seg_0287.wav|รีเซอร์จ รีเซอร์จข้อมูล สเกรปปิ้งข้อมูลออกมานะครับ
D:\ขนุนยิ้ม\projects\affiliate-studio\projects\voice-finetune\dataset\wavs\seg_0288.wav|โดยที่ตรงนี้มาจากนิวมิสตา ตอนนี้...
D:\ขนุนยิ้ม\projects\affiliate-studio\projects\voice-finetune\dataset\wavs\seg_0289.wav|ผมเป็นคนข่าดที่มีมิสตาค่อนข้างที่จะมีข้อมูลข้อมท่วนดี นะครับ
D:\ขนุนยิ้ม\projects\affiliate-studio\projects\voice-finetune\dataset\wavs\seg_0290.wav|แล้วก็ต่อมานี่ก็จะเป็น โอซีอาร์ ก็เอาข้อมูลนะครับ ก็คือว่า...
D:\ขนุนยิ้ม\projects\affiliate-studio\projects\voice-finetune\dataset\wavs\seg_0291.wav|ตอนที่เราได้ข้อมูลออกมาเป็น พีดีเอฟ นะครับ มันมีความเหมือนกับว่า...
D:\ขนุนยิ้ม\projects\affiliate-studio\projects\voice-finetune\dataset\wavs\seg_0292.wav|มันเป็นรูปภาพ เพราะมันเป็นรูปภาพ เราก็ต้องทำการ โอซีอาร์
D:\ขนุนยิ้ม\projects\affiliate-studio\projects\voice-finetune\dataset\wavs\seg_0293.wav|ดูภาพว่ามันเป็นอักษณ์อะไร แล้วก็มาทำการ...
D:\ขนุนยิ้ม\projects\affiliate-studio\projects\voice-finetune\dataset\wavs\seg_0294.wav|แปลกเป็นข้อความ แล้วก็กล่าวคำผิดคำถูกด้วย แอลแอลเอ็ม
D:\ขนุนยิ้ม\projects\affiliate-studio\projects\voice-finetune\dataset\wavs\seg_0295.wav|ก็จะทำให้ตัวนี้มันมีความถูกต้องมากขึ้น
D:\ขนุนยิ้ม\projects\affiliate-studio\projects\voice-finetune\dataset\wavs\seg_0296.wav|และหลังจากนั้นเราก็เอาไปฝังความความเป็นเวคเตอร์
D:\ขนุนยิ้ม\projects\affiliate-studio\projects\voice-finetune\dataset\wavs\seg_0297.wav|ควรหาแบบ ควรควรเป็นเวคเตอร์ คือ ทำ ทำ แอมเบนต์ดิงเวคเตอร์ นะครับ
D:\ขนุนยิ้ม\projects\affiliate-studio\projects\voice-finetune\dataset\wavs\seg_0299.wav|คือให้เองอ่านเป็นความสัมพันท์ที่ใกล้กันของคำพูด
D:\ขนุนยิ้ม\projects\affiliate-studio\projects\voice-finetune\dataset\wavs\seg_0301.wav|แล้วก็ดีคอดเดอร์ออกมาเป็น...อ่ะ แล้วก็ดีคอดดิงออกมาเป็น...อ่อ...
D:\ขนุนยิ้ม\projects\affiliate-studio\projects\voice-finetune\dataset\wavs\seg_0302.wav|เป็นคำพูดมาตอบเรานั่นเองนะ แล้วก็จะมีระบบ เอไอ แอสซิสแทนต์ นะครับ ก็จะเป็นระบบ เอไอ ช่วยค้นหา และก็ตอบค้นถาม
D:\ขนุนยิ้ม\projects\affiliate-studio\projects\voice-finetune\dataset\wavs\seg_0303.wav|แล้วก็รับฟิดแบกจากตัวของ ยูเซอร์ ด้วยนะครับ
D:\ขนุนยิ้ม\projects\affiliate-studio\projects\voice-finetune\dataset\wavs\seg_0304.wav|ซึ่งจะมีคำคำตอบรับรอง
D:\ขนุนยิ้ม\projects\affiliate-studio\projects\voice-finetune\dataset\wavs\seg_0305.wav|คำพูดของเขาอยู่แล้ว อันนี้คือหน้าตาของ แอปพลิเคชัน นะฮะ
D:\ขนุนยิ้ม\projects\affiliate-studio\projects\voice-finetune\dataset\wavs\seg_0306.wav|ก็จะเห็นว่า ถ้าเกิดว่าเราแบบ เซอร์จเข้าไปนะฮะ ก็จะถามอีกอันเข้าไป ก็จะมีคำตอบที่ตรงนะฮะ
D:\ขนุนยิ้ม\projects\affiliate-studio\projects\voice-finetune\dataset\wavs\seg_0307.wav|ข้อมูลตรงนี้นะครับ กับ เอไอ ที่ตอบอาศิตเตอร์เตอร์เกตไหนว่ามันตรงกัน
D:\ขนุนยิ้ม\projects\affiliate-studio\projects\voice-finetune\dataset\wavs\seg_0308.wav|ถ้าสมมติว่าเรามาดูหน้าตาจริงๆของโปรแกมเลยครับ
D:\ขนุนยิ้ม\projects\affiliate-studio\projects\voice-finetune\dataset\wavs\seg_0309.wav|ก็เห็นว่าตอนนี้มีอยู่หมด 259 วันละ แน่นอนว่ามันน่าจะมีมากกว่านี้ แต่ว่าตอนนี้ผมเห็นอยู่ประมาณนี้
D:\ขนุนยิ้ม\projects\affiliate-studio\projects\voice-finetune\dataset\wavs\seg_0310.wav|และก็มีทั้งหมดบรรยากาศที่สำบูลจะมีอยู่ประมาณ 81 ลัยการ
D:\ขนุนยิ้ม\projects\affiliate-studio\projects\voice-finetune\dataset\wavs\seg_0311.wav|อ่า... ประบานนี้ครับ แล้วก็...
D:\ขนุนยิ้ม\projects\affiliate-studio\projects\voice-finetune\dataset\wavs\seg_0312.wav|อ่า...ตอนนี้ดูได้ทั้งรัฐการที่ 9 และรัฐการที่ 10 เนอะ
D:\ขนุนยิ้ม\projects\affiliate-studio\projects\voice-finetune\dataset\wavs\seg_0313.wav|และก็แยกได้ครับว่ามีหมวดไหนเนอะ สถาปัญญาโอกาสสำคัญของประเทศ
D:\ขนุนยิ้ม\projects\affiliate-studio\projects\voice-finetune\dataset\wavs\seg_0314.wav|ดูปียากปีได้นะฮะ ปี 2513 เนอะ
D:\ขนุนยิ้ม\projects\affiliate-studio\projects\voice-finetune\dataset\wavs\seg_0315.wav|หรือว่าเราจะมาตลายปีตรงนี้ดูก็ได้นะ ดูเป็นเช่งช่วง
D:\ขนุนยิ้ม\projects\affiliate-studio\projects\voice-finetune\dataset\wavs\seg_0316.wav|ตอนนี้ดูรูปนะครับ อันนี้ผมเอาไว้ดูรูปนะครับ
D:\ขนุนยิ้ม\projects\affiliate-studio\projects\voice-finetune\dataset\wavs\seg_0317.wav|แล้วก็อันนี้ข้อมูลสำคัญนะครับ มีข้อมูลสมบูรณ์แล้วหรือเปล่า อะไรอย่างนี้ครับ
D:\ขนุนยิ้ม\projects\affiliate-studio\projects\voice-finetune\dataset\wavs\seg_0318.wav|ดูว่าผมอยากจะดูอันนี้นะครับครบรอบ
D:\ขนุนยิ้ม\projects\affiliate-studio\projects\voice-finetune\dataset\wavs\seg_0319.wav|เอ่อ ครบสามรอบ ครบสามรอบนะฮะ
D:\ขนุนยิ้ม\projects\affiliate-studio\projects\voice-finetune\dataset\wavs\seg_0320.wav|ผมก็จะไปขอ นี่ มี เอไอ ทางร้างขวานะครับ ก็จะปิมไว้ว่า เออ...
D:\ขนุนยิ้ม\projects\affiliate-studio\projects\voice-finetune\dataset\wavs\seg_0321.wav|ขอข้อมูลหน่อย หรือว่าตรงไหม
D:\ขนุนยิ้ม\projects\affiliate-studio\projects\voice-finetune\dataset\wavs\seg_0322.wav|อ่า...
D:\ขนุนยิ้ม\projects\affiliate-studio\projects\voice-finetune\dataset\wavs\seg_0323.wav|ตรงนี้
D:\ขนุนยิ้ม\projects\affiliate-studio\projects\voice-finetune\dataset\wavs\seg_0324.wav|น่ะ ตรงไว้นะ ตึดตึดตึบ 3 รอบในวันที่ 5 ทันวาคม
D:\ขนุนยิ้ม\projects\affiliate-studio\projects\voice-finetune\dataset\wavs\seg_0325.wav|2506 นะครับ เป็นวาลาที่ 2 ของเหลียงกระสาบที่ละลึก
D:\ขนุนยิ้ม\projects\affiliate-studio\projects\voice-finetune\dataset\wavs\seg_0326.wav|ที่พริษภาษา 2506 บนที่ประกาศใช้ 30 พื้นจิกกา 2506
D:\ขนุนยิ้ม\projects\affiliate-studio\projects\voice-finetune\dataset\wavs\seg_0327.wav|เหลือนมี 2 ชนิดได้แก่ 20 บาทกับ 1 บาท
D:\ขนุนยิ้ม\projects\affiliate-studio\projects\voice-finetune\dataset\wavs\seg_0328.wav|นั่นหน้าเป็นภาพบลมบรูปเครื่องพระองค์ส่งเครื่องแบบ
D:\ขนุนยิ้ม\projects\affiliate-studio\projects\voice-finetune\dataset\wavs\seg_0329.wav|หันซ้าย แล้วก็อันนี้จะเป็นตากลางวงกลม
D:\ขนุนยิ้ม\projects\affiliate-studio\projects\voice-finetune\dataset\wavs\seg_0330.wav|และหลังเป็นตากลางวงกลม อะไรอย่างนี้นะครับ รัฐบาลไทย
D:\ขนุนยิ้ม\projects\affiliate-studio\projects\voice-finetune\dataset\wavs\seg_0331.wav|หนึ่ง รัฐบาล ไทย อ้อ ตรง ไปเลย แล้วหาที่ใช้นะครับ เป็นต้องในนิเกิน จำนวนผลิต
D:\ขนุนยิ้ม\projects\affiliate-studio\projects\voice-finetune\dataset\wavs\seg_0332.wav|4 ล้าน เรียน 4 ล้าน เรียน แต่ไม่ได้จริง 4 ล้าน เรียน จริงด้วย
D:\ขนุนยิ้ม\projects\affiliate-studio\projects\voice-finetune\dataset\wavs\seg_0333.wav|ก็จำนายไปแล้วประมาณ 5 แสนเรียนคงเหลือเท่านี้
D:\ขนุนยิ้ม\projects\affiliate-studio\projects\voice-finetune\dataset\wavs\seg_0334.wav|ก็จะเป็นข้อมูลนะครับ แหลกอากยิงมาจากตรงนี้
D:\ขนุนยิ้ม\projects\affiliate-studio\projects\voice-finetune\dataset\wavs\seg_0335.wav|นั่นเองนะครับ วันนี้ประกาศใช้ 5,000 ว่า
D:\ขนุนยิ้ม\projects\affiliate-studio\projects\voice-finetune\dataset\wavs\seg_0336.wav|ก็จะประมาณนี้สำหรับตัวของโปรเจคตัวนี้นะครับ
D:\ขนุนยิ้ม\projects\affiliate-studio\projects\voice-finetune\dataset\wavs\seg_0337.wav|อ้อ แล้วก็ตรงนี้เนี่ย มันสามารถที่จะ
D:\ขนุนยิ้ม\projects\affiliate-studio\projects\voice-finetune\dataset\wavs\seg_0339.wav|แล้วก็สามารถถามได้ อย่างเช่นแบบอื่น
D:\ขนุนยิ้ม\projects\affiliate-studio\projects\voice-finetune\dataset\wavs\seg_0340.wav|ขอดูตัวนี้ สมมติว่าเราอยู่ข้างนอกเลย ไม่ได้แบบต่อเม็ด
D:\ขนุนยิ้ม\projects\affiliate-studio\projects\voice-finetune\dataset\wavs\seg_0341.wav|ของกลมธนาลักษ์เลย แต่ว่าเราทำการเปิดเสริเวอร์ไว้อยู่ แล้วก็เชื่อม...เชื่อม...เชื่อมตัวข้อมูลมา เชื่อมมากับเทลากรรมอย่างนี้
D:\ขนุนยิ้ม\projects\affiliate-studio\projects\voice-finetune\dataset\wavs\seg_0342.wav|แล้วก็สามารถพิมลองถามด้วยได้ แต่ว่าด้วยความที่ว่ามันเป็นโลคอ้าวล์เอเวอร์อย่างไงบ้างครับ
D:\ขนุนยิ้ม\projects\affiliate-studio\projects\voice-finetune\dataset\wavs\seg_0343.wav|มันก็จะมีความช้านิดหนึ่งนะครับ เพราะว่าก็ตามยัดฐากรรมของเครื่องนะครับ
D:\ขนุนยิ้ม\projects\affiliate-studio\projects\voice-finetune\dataset\wavs\seg_0344.wav|เดี๋ยวก็จะตอบมาคล้ายๆกัน เหมือนคล้ายๆแก้เขียงกันนะ แก้เขียงกันๆๆ ไหนครับ
D:\ขนุนยิ้ม\projects\affiliate-studio\projects\voice-finetune\dataset\wavs\seg_0345.wav|อ่ะ มีคำว่า 4 ล้านไหม เอ่อ 3 ล้าน โอเค
D:\ขนุนยิ้ม\projects\affiliate-studio\projects\voice-finetune\dataset\wavs\seg_0346.wav|ก็จะประมาณนี้นะฮะ เป็นอีกหน้าเหมือนตอบเท่าละอันกันไหมเนี่ย
D:\ขนุนยิ้ม\projects\affiliate-studio\projects\voice-finetune\dataset\wavs\seg_0347.wav|20 บาท ผลิต 1 ล้าน
D:\ขนุนยิ้ม\projects\affiliate-studio\projects\voice-finetune\dataset\wavs\seg_0348.wav|จำนาย 630,000 ภาลิต 1 ล้าน ไม่ตรงเลยเนี่ย มีหลอดนิดหนึ่ง
D:\ขนุนยิ้ม\projects\affiliate-studio\projects\voice-finetune\dataset\wavs\seg_0349.wav|โอเค เดี๋ยวทาง เทเลแกรม นี้อาจจะต้องแบบปับ
D:\ขนุนยิ้ม\projects\affiliate-studio\projects\voice-finetune\dataset\wavs\seg_0350.wav|ใหม่นิดหนึ่งแล้วกันครับ อ่า...
D:\ขนุนยิ้ม\projects\affiliate-studio\projects\voice-finetune\dataset\wavs\seg_0351.wav|เฮ้ย เดี๋ยวนะ ตรงๆ ตรงดิ เฮ้ย ตรงนะเนี่ย
D:\ขนุนยิ้ม\projects\affiliate-studio\projects\voice-finetune\dataset\wavs\seg_0352.wav|อ่า ตรง ๆ ครับ อันนี้บอกเหลือนะครับ
D:\ขนุนยิ้ม\projects\affiliate-studio\projects\voice-finetune\dataset\wavs\seg_0353.wav|อืม... อ่า...
D:\ขนุนยิ้ม\projects\affiliate-studio\projects\voice-finetune\dataset\wavs\seg_0354.wav|อะไรเนี่ย จับนายไปแล้ว 3,544,000 เหลี่ยมคงเหลือ
D:\ขนุนยิ้ม\projects\affiliate-studio\projects\voice-finetune\dataset\wavs\seg_0355.wav|เอ๊ะ อันนี้เหมือนจะหลอดนะครับ
D:\ขนุนยิ้ม\projects\affiliate-studio\projects\voice-finetune\dataset\wavs\seg_0356.wav|โอเค อาจจะไม่สมบูรณ์มาก แต่ก็ พอใช้งานได้ เดี๋ยวจะต้องไปปรับปุ่ง
D:\ขนุนยิ้ม\projects\affiliate-studio\projects\voice-finetune\dataset\wavs\seg_0357.wav|นายครับ อ่ะ ก็ประมาณนี้ครับ ขอบคุณมากครับ
D:\ขนุนยิ้ม\projects\affiliate-studio\projects\voice-finetune\dataset\wavs\seg_0358.wav|กับสวัสดีกับประการทุกชั้นนะครับ
D:\ขนุนยิ้ม\projects\affiliate-studio\projects\voice-finetune\dataset\wavs\seg_0360.wav|ก็ที่มาแล้วความสำคัญก็คิดว่า การทำงานในประจุบันเนี่ย
D:\ขนุนยิ้ม\projects\affiliate-studio\projects\voice-finetune\dataset\wavs\seg_0361.wav|เมื่อ...เมื่อเราต้องดูตัวของข้อมูลสัตติตี
D:\ขนุนยิ้ม\projects\affiliate-studio\projects\voice-finetune\dataset\wavs\seg_0362.wav|ส่วนใหญ่แล้วเราจะนำเสนอข้อมูลผ่านกระดาษ แล้วก็...
D:\ขนุนยิ้ม\projects\affiliate-studio\projects\voice-finetune\dataset\wavs\seg_0363.wav|แล้วก็จะดูพวกรูปภาพ พวกกราฟ พวกตลางอะไรอย่างนี้
D:\ขนุนยิ้ม\projects\affiliate-studio\projects\voice-finetune\dataset\wavs\seg_0364.wav|ถึงส่วนใหญ่แล้ว มันจะถ่ายทอด ดาไม่ค่อยมีประสิทธิภาพเท่าไหร่
D:\ขนุนยิ้ม\projects\affiliate-studio\projects\voice-finetune\dataset\wavs\seg_0365.wav|ตรางที่มีตัวเล่นมากมาย มันทำให้เราเกิดภาพสมองโลด ตอนที่เราเห็นครั้งแรก เราไม่ค่อยอยากจะดูแล้วใช่ไหมครับ
D:\ขนุนยิ้ม\projects\affiliate-studio\projects\voice-finetune\dataset\wavs\seg_0366.wav|ส่วนกาฟที่มีความหมายทางเดียวกันเช่นแบบ
D:\ขนุนยิ้ม\projects\affiliate-studio\projects\voice-finetune\dataset\wavs\seg_0367.wav|กราฟอย่างภาพ ภาพ ภาพบนซายนี้นะครับ ก็จะบอก
D:\ขนุนยิ้ม\projects\affiliate-studio\projects\voice-finetune\dataset\wavs\seg_0368.wav|บอกได้ความหมายแค่ว่า เอ่อ มันมีจุดเนี้ย มันมีแค่ประตอนที่มี
D:\ขนุนยิ้ม\projects\affiliate-studio\projects\voice-finetune\dataset\wavs\seg_0369.wav|การจะได้เยอะสุด หรือว่า อย่างที่ 2 ก็ 1 บาท มันมีปริมาณที่ขายได้เยอะสุด อะไรอย่างนี้
D:\ขนุนยิ้ม\projects\affiliate-studio\projects\voice-finetune\dataset\wavs\seg_0370.wav|ปริมาณแรกเหลือนเยอะสุด ซึ่งมันก็ควรจะเป็นธรรมชาติของมันอยู่แล้ว
D:\ขนุนยิ้ม\projects\affiliate-studio\projects\voice-finetune\dataset\wavs\seg_0371.wav|ไม่ได้ตอบอะไรมากมายเท่าไหร่ ว่าจะเห็นภาพได้ไม่เป็นภาพร่วม
D:\ขนุนยิ้ม\projects\affiliate-studio\projects\voice-finetune\dataset\wavs\seg_0372.wav|นะฮะ ภาพรวมมันไม่ครบ แล้วก็ซึ่ง มันไม่ได้ แล้วมันก็ไม่สามารถจอดลายลิ่นๆ ได้
D:\ขนุนยิ้ม\projects\affiliate-studio\projects\voice-finetune\dataset\wavs\seg_0373.wav|และก็อาจจะทำให้เกิดการตัดสินใจ แชนโนยอบายไม่ครบทั่วนั่นเองนะครับ
D:\ขนุนยิ้ม\projects\affiliate-studio\projects\voice-finetune\dataset\wavs\seg_0374.wav|ตรงนี้ เราก็เลยขอเสนอนะครับว่า...
D:\ขนุนยิ้ม\projects\affiliate-studio\projects\voice-finetune\dataset\wavs\seg_0375.wav|มีตัวของแดชบอร์ตขึ้นมา แดชบอร์ตนี้มีทำทั้งด้านการจ่ายแล้วก็การรับคืน โดยที่ทั้งสองด้านนี้เราจะมีทั้งหมดประกอบไปด้วย 5 ส่วนด้วยกัน
D:\ขนุนยิ้ม\projects\affiliate-studio\projects\voice-finetune\dataset\wavs\seg_0376.wav|ส่วนที่หนึ่งเป็นบรรธภาพร่อมนะครับ คือการดูภาพร่อมของเหลือกระสาบบุญเวียนในประชุมบัน
D:\ขนุนยิ้ม\projects\affiliate-studio\projects\voice-finetune\dataset\wavs\seg_0377.wav|ด้านเนอร์โน้มก็คือดูเนอร์โน้มของเหลี่ยงกระสาบในแต่ละเดือน ในละปีนะครับ
D:\ขนุนยิ้ม\projects\affiliate-studio\projects\voice-finetune\dataset\wavs\seg_0378.wav|ตรงที่ขอสบควบแค่หลิกษาบุญเวียนก่อนนะครับ แล้วก็วิคอลูกค้านะฮะ วิคอลูกค้า
D:\ขนุนยิ้ม\projects\affiliate-studio\projects\voice-finetune\dataset\wavs\seg_0379.wav|วิข้อสัดสวน ส่วนที่ 3 คือวิข้อลูกค้า คือวิข้อสัดสวนและการทำลุกกรรมของลูกค้า
D:\ขนุนยิ้ม\projects\affiliate-studio\projects\voice-finetune\dataset\wavs\seg_0380.wav|ตัวที่ 4 คือวิข้อเหลียนนะครับ และก็วิข้อการใช้งานเหลียนการสามในต่างละชนิด
D:\ขนุนยิ้ม\projects\affiliate-studio\projects\voice-finetune\dataset\wavs\seg_0381.wav|ตัวที่ 5 นี้คือการจัดลำดับนะครับ ดูร้านลิเย็ดของลูกค้าจาก
D:\ขนุนยิ้ม\projects\affiliate-studio\projects\voice-finetune\dataset\wavs\seg_0382.wav|ร่ำดับการใช้งานของการบริกาศนะครับ ซึ่งก่อนมีนาวัตรกรรมเนี่ย ก่อนหน้านี้เราจะ เอกซ์พอร์ต ตัวของ เอ่อ...ตัวของข้อมูล
D:\ขนุนยิ้ม\projects\affiliate-studio\projects\voice-finetune\dataset\wavs\seg_0383.wav|ในระบบ บาร์โค้ด ออกมาเป็น เอกเซล ไม่ก็ พีดีเอฟ
D:\ขนุนยิ้ม\projects\affiliate-studio\projects\voice-finetune\dataset\wavs\seg_0384.wav|แล้วก็พอหลังมีระวัตกรรมเนี่ย เราไม่จะไปต้องไปเอสปอร์ตมันแล้ว
D:\ขนุนยิ้ม\projects\affiliate-studio\projects\voice-finetune\dataset\wavs\seg_0385.wav|เราก็ใช้ข้อมูลใหม่ที่มันอัพเดตอัตโนมาร์ทุกวัน
D:\ขนุนยิ้ม\projects\affiliate-studio\projects\voice-finetune\dataset\wavs\seg_0386.wav|สามารถเลือกซิงได้ตันใจ
D:\ขนุนยิ้ม\projects\affiliate-studio\projects\voice-finetune\dataset\wavs\seg_0387.wav|คือมันจะมีความเป็นแบบแบชนิดหนึ่งนะครับ ผมก็เลยตอนนี้ยังจะเป็นสิงด้วยกัน
D:\ขนุนยิ้ม\projects\affiliate-studio\projects\voice-finetune\dataset\wavs\seg_0388.wav|ด้วยการกดคำสั่งส่วนตัวอยู่ แล้วก็ต่อมาเป็นเรื่องของฟายที่ เอกซ์พอร์ต
D:\ขนุนยิ้ม\projects\affiliate-studio\projects\voice-finetune\dataset\wavs\seg_0389.wav|เวลาเราก็ต้องจัดรบเบียบของมัน แล้วก็มา...
D:\ขนุนยิ้ม\projects\affiliate-studio\projects\voice-finetune\dataset\wavs\seg_0390.wav|ทำเป็นกลาฟ ทำตามฟีงก็ประมาณอะไรอย่างเงี้ย
D:\ขนุนยิ้ม\projects\affiliate-studio\projects\voice-finetune\dataset\wavs\seg_0391.wav|ซึ่งถ้าเวลาปี ถ้าเกิดไม่ใช่ตัวนี้ เราไม่ต้องไปทำแล้ว เราก็สามารถขอบภาพแล้วก็ไปทำประกอบลังงานได้เลย
D:\ขนุนยิ้ม\projects\affiliate-studio\projects\voice-finetune\dataset\wavs\seg_0392.wav|สรุปเป็นรายงานเฉพาะเรื่อง ใช้เวลาหนึ่งที่สามวันนะครับก่อนมีนับวัตกรรม
D:\ขนุนยิ้ม\projects\affiliate-studio\projects\voice-finetune\dataset\wavs\seg_0393.wav|แต่ครั้งนี้พอเรามี แดชบอร์ด แล้วก็คือดูได้เลยทันที
D:\ขนุนยิ้ม\projects\affiliate-studio\projects\voice-finetune\dataset\wavs\seg_0394.wav|แล้วก็ก่อนมีนาวัตรกรรมเนี่ย คือตัวเลขแต่ละรายงานอาจจะไม่ต่งกัน ในครามอย่างเช่น ตัวของ 44 กับ 45 ที่ใช้นาวโลบ่าโคตรเนี่ย
D:\ขนุนยิ้ม\projects\affiliate-studio\projects\voice-finetune\dataset\wavs\seg_0395.wav|มันจะไม่ค่อยตรงกันเท่าไหร่ หรือว่าพอเรามีหลังมีนวตรกรรมแล้วเนี่ย เราสามารถโอเค
D:\ขนุนยิ้ม\projects\affiliate-studio\projects\voice-finetune\dataset\wavs\seg_0396.wav|ตัวเล็กมันจะต่งกันทั้งหมดกับกับคนอื่นเวลาเราคุยกันนะ
D:\ขนุนยิ้ม\projects\affiliate-studio\projects\voice-finetune\dataset\wavs\seg_0397.wav|และส่วนสุดท้ายนี้คือไม่สามารถทำข้อมูลไปใช้งาน เพื่อทำเสนอข้อมูลมองต่อต่าง ๆ ได้ ก็คือตอนเวลาเราออกข้อมูลออกมา
D:\ขนุนยิ้ม\projects\affiliate-studio\projects\voice-finetune\dataset\wavs\seg_0398.wav|ข้อมูลที่เป็น เอกเซล มันจะมีการแตกละเอียดมากเลย เป็น รอว์ ดาต้า สำหรับให้ตัวของ
D:\ขนุนยิ้ม\projects\affiliate-studio\projects\voice-finetune\dataset\wavs\seg_0399.wav|เอไอ ไปอ่าน เอไอ เอไอ เอไอ ก็ยังงงเลยอะไรอย่างนี้ครับ
D:\ขนุนยิ้ม\projects\affiliate-studio\projects\voice-finetune\dataset\wavs\seg_0400.wav|แต่พอเป็นแบบ มีนาวัตรกรรมตัวเนี้ย มันก็สามารถที่จะ
D:\ขนุนยิ้ม\projects\affiliate-studio\projects\voice-finetune\dataset\wavs\seg_0401.wav|สะเหนือมุมมองต่างๆ ได้ สามารถสร้างอะไรได้
D:\ขนุนยิ้ม\projects\affiliate-studio\projects\voice-finetune\dataset\wavs\seg_0402.wav|อัพขึ้นบนแดชบอร์ดได้ตลอดเวลาเลย แต่ครับก็จะทำให้
D:\ขนุนยิ้ม\projects\affiliate-studio\projects\voice-finetune\dataset\wavs\seg_0403.wav|ทุกคนเห็นภาพเดียวกัน ในมุมบอลต่างๆ เหมือนกัน
D:\ขนุนยิ้ม\projects\affiliate-studio\projects\voice-finetune\dataset\wavs\seg_0404.wav|ต่อมาเดี๋ยวผมพามาชมตัวของ แดชบอร์ด นี้นิดหนึ่ง
D:\ขนุนยิ้ม\projects\affiliate-studio\projects\voice-finetune\dataset\wavs\seg_0406.wav|ตอนนี้ผมขอเสนอแค่ ด้านการใจและกับด้านการรับคืนก็พอ
D:\ขนุนยิ้ม\projects\affiliate-studio\projects\voice-finetune\dataset\wavs\seg_0407.wav|อันนี้คือภาพรวมนะครับ มุมภาพรวมของด้านการใจแรกก่อนแล้วกัน
D:\ขนุนยิ้ม\projects\affiliate-studio\projects\voice-finetune\dataset\wavs\seg_0408.wav|มุมบนขวาเนี่ยก็คือดูปีงวมประมาณได้นะ ก็คือเลือกของ 569 จาก 821 ก็จะเหลือ 191 คน อะไรอย่างงี้ครับ ยังไม่จบปีนะ
D:\ขนุนยิ้ม\projects\affiliate-studio\projects\voice-finetune\dataset\wavs\seg_0409.wav|191 คนนี้เขาอาจจะมาสัมในปีนั้นเรียบร้อยแล้วก็ได้นะ
D:\ขนุนยิ้ม\projects\affiliate-studio\projects\voice-finetune\dataset\wavs\seg_0410.wav|อย่างเช่น นายกรมามากรา แล้วก็มาอีกทีหนึ่งมามีหน้า อย่างนี้ก็นับ ๆ ก็นับ ๆ ก็นับแค่นายกรคนเดียวเป็นลูกค้าของปีนั้น
D:\ขนุนยิ้ม\projects\affiliate-studio\projects\voice-finetune\dataset\wavs\seg_0411.wav|แต่ถ้าในขอมาปี 6-8 แต่ว่าปี 6-9 ไม่ได้มาเลย ก็ปี 6-9 ก็จะไม่ถูกนับเข้าไปนะครับ ก็จะบอกถึงจำนวนเหลียน มุลค่า จำนวนรายการ สูญจ่ายแรก ลูกค้าทั้งหมดแล้วก็ใช้เหลียดตอนเดือนเองคือ
D:\ขนุนยิ้ม\projects\affiliate-studio\projects\voice-finetune\dataset\wavs\seg_0412.wav|ประมาณเท่าไหร่กี่บาทนะครับ ตอนนี้ก็จะบอกภาพร่วมนะครับ ในประเทศเนอะ เป็นสัสส่วนนะครับ ว่าเท่าไหร่ ๆ อะไรอย่างไรนะ ประชุปันเนอะ
D:\ขนุนยิ้ม\projects\affiliate-studio\projects\voice-finetune\dataset\wavs\seg_0413.wav|แล้วก็ข้อมูลตอนนี้อัพเดตที่ที่วันที่ 11 มีถุนายด
D:\ขนุนยิ้ม\projects\affiliate-studio\projects\voice-finetune\dataset\wavs\seg_0414.wav|ก็คือวันนี้นะครับ ก็ตอนนี้เป็นหมุนค่าตามสูญนะครับ ตอนนี้เป็นสัสสวรรค์ลูกค้าจะเห็นว่า
D:\ขนุนยิ้ม\projects\affiliate-studio\projects\voice-finetune\dataset\wavs\seg_0415.wav|ตรงนี้เป็นฮิตแมป เอาให้ดูภรรย์ของงาน
D:\ขนุนยิ้ม\projects\affiliate-studio\projects\voice-finetune\dataset\wavs\seg_0416.wav|ผมขอเปลี่ยนไปไปทั้งหมด จะได้ดูฮิ้นแบบเข้าใจง่ายขึ้น
D:\ขนุนยิ้ม\projects\affiliate-studio\projects\voice-finetune\dataset\wavs\seg_0417.wav|อย่างเช่นฮิตแมปต์ตรงนี้ เราเห็นว่าสงคากับซุลาจะมีภาระงาน
D:\ขนุนยิ้ม\projects\affiliate-studio\projects\voice-finetune\dataset\wavs\seg_0418.wav|จะมีมุลค่าของ...ขอโทษที จะมีมุลค่าของ...
D:\ขนุนยิ้ม\projects\affiliate-studio\projects\voice-finetune\dataset\wavs\seg_0419.wav|ของหลีนกระสาบที่เราจ่ายออกไป
D:\ขนุนยิ้ม\projects\affiliate-studio\projects\voice-finetune\dataset\wavs\seg_0420.wav|ถ้าเท่า ถ้าเท่ากันตลอดทั้งปี เอาไว้ดูความเท่ากันอย่างดี เอาได้ครับตรงนี้
D:\ขนุนยิ้ม\projects\affiliate-studio\projects\voice-finetune\dataset\wavs\seg_0421.wav|ถ้าเห็นแบบส้มส้มอย่างทันวาครมอย่างนี้ อือ แสดงว่า
D:\ขนุนยิ้ม\projects\affiliate-studio\projects\voice-finetune\dataset\wavs\seg_0422.wav|มุระค่ามาไปหนักมาก ตอนช่วงนั้น ท่านว่ากับมีนาเมสา นี่คือ
D:\ขนุนยิ้ม\projects\affiliate-studio\projects\voice-finetune\dataset\wavs\seg_0423.wav|หมุนค่าจะสูง น่าหมายความว่าภรา ตัวของพระนักงานเรา ตัวของเจ้าที่เราอาจจะต้องออกแรงเยอะในช่วงนั้นนะครับ
D:\ขนุนยิ้ม\projects\affiliate-studio\projects\voice-finetune\dataset\wavs\seg_0424.wav|ส่วนตรงนี้เนี่ย พอเราไปหานภาระคนเล่นอาจจะเห็นว่าอื้อ...
D:\ขนุนยิ้ม\projects\affiliate-studio\projects\voice-finetune\dataset\wavs\seg_0425.wav|ที่ลำบากที่สุดจะเป็นจักภง นะครับ รังศิต แล้วก็ตัวของกระสุงกันขัง นอกนั้นก็จะเป็นภาระงานอาจจะ...
D:\ขนุนยิ้ม\projects\affiliate-studio\projects\voice-finetune\dataset\wavs\seg_0426.wav|ห่านคนแล้วลงตัวดีนะฮะ ตัวของรังสิทธิ์เนี่ยอาจจะเยอะแต่ว่าเรามีข้างจากเนอะ
D:\ขนุนยิ้ม\projects\affiliate-studio\projects\voice-finetune\dataset\wavs\seg_0427.wav|แต่ว่าอันนี้เป็นด้านการจ่ายแรก อาจจะต้องแบบ...
D:\ขนุนยิ้ม\projects\affiliate-studio\projects\voice-finetune\dataset\wavs\seg_0428.wav|พิจารณาเรื่องของกำลังคนนิดหนึ่งนะครับ อาจจะไม่พอนะครับ
D:\ขนุนยิ้ม\projects\affiliate-studio\projects\voice-finetune\dataset\wavs\seg_0429.wav|เพราะว่ามันไม่ได้ใช้เครื่องจากนวนทางการใช้ได้แต่รับคืนใช้
D:\ขนุนยิ้ม\projects\affiliate-studio\projects\voice-finetune\dataset\wavs\seg_0430.wav|กระส่วนการคล่าง ตก 25 ล้านเหลียนต่อคนเลย
D:\ขนุนยิ้ม\projects\affiliate-studio\projects\voice-finetune\dataset\wavs\seg_0431.wav|4 คนก็น่าจะเพียงพอหรือเปล่านะ แต่ที่อื่นเขาสิบเองนะ
D:\ขนุนยิ้ม\projects\affiliate-studio\projects\voice-finetune\dataset\wavs\seg_0432.wav|ก็อาจจะต้องแบบเพิ่มคนอีกสักสองคน อะไรอย่างนี้ไปช่วยหา
D:\ขนุนยิ้ม\projects\affiliate-studio\projects\voice-finetune\dataset\wavs\seg_0433.wav|อะไรอย่างนี้เป็นต้นนะครับ ส่วนของแนวโน้มนะฮะ ก็สามารถดูได้นะว่า ในแต่ละปีมีแนวโน้มอะไรอย่างไร สามารถคิดเข้าไปดูได้ด้วย
D:\ขนุนยิ้ม\projects\affiliate-studio\projects\voice-finetune\dataset\wavs\seg_0434.wav|ครับว่า โอเค ในปี 6-8 ครับ มีลูกค้าทั้งหมด
D:\ขนุนยิ้ม\projects\affiliate-studio\projects\voice-finetune\dataset\wavs\seg_0435.wav|ทรัพย์ 30 ลายนี้มีใครบ้างนะครับ ใครมาเยอะสุดก็จะเห็นเป็นบริษัทห้างร้าน จากลิชมาเยอะสุดอะไรเป็นปล่อย
D:\ขนุนยิ้ม\projects\affiliate-studio\projects\voice-finetune\dataset\wavs\seg_0436.wav|ในรายเดือนก็ตอนนี้ก็จะเป็นข้างล่างนะครับ
D:\ขนุนยิ้ม\projects\affiliate-studio\projects\voice-finetune\dataset\wavs\seg_0437.wav|อันนี้เป็นมุลค่าเนอะ อันนี้เป็นจำนวนเหลียน อันนี้เป็นมุลค่าแยก
D:\ขนุนยิ้ม\projects\affiliate-studio\projects\voice-finetune\dataset\wavs\seg_0438.wav|ย่ายกตามชนิดเหลียดนะครับ ตรงนี้ ก็จะเห็นว่า 2 บาทค่อยๆ สโลปลง 25 ตังก็ส่งตัวลง ค่า 10 ตังเหมือนกัน
D:\ขนุนยิ้ม\projects\affiliate-studio\projects\voice-finetune\dataset\wavs\seg_0439.wav|ก็จะวิคอได้ อันนี้เป็นลายเดือด ในครับลายเดือดก็จะเห็นยึกยักษ์
D:\ขนุนยิ้ม\projects\affiliate-studio\projects\voice-finetune\dataset\wavs\seg_0440.wav|อันนี้เป็นจำนวนเหลียน แล้วก็อันนี้มูลค่า ก็จะเอาไปดูได้ พักกว่างๆ ค่าติบตามจะเห็นว่าลง 2 บาทก็ลง
D:\ขนุนยิ้ม\projects\affiliate-studio\projects\voice-finetune\dataset\wavs\seg_0441.wav|ถ้าเราถ้าเราสงสัยอย่างเช่นแบบผมสงสัยจังเลยว่าเดือนนี้มันทำไมมันชูดจัง
D:\ขนุนยิ้ม\projects\affiliate-studio\projects\voice-finetune\dataset\wavs\seg_0442.wav|นี่ครับ ก็คิดเข้ามาดูได้นะ แล้วก็จะเห็นว่า โอ้ เดินนี้ จากลิชเข้ามาเยอะ ซื้อเยอะ
D:\ขนุนยิ้ม\projects\affiliate-studio\projects\voice-finetune\dataset\wavs\seg_0443.wav|สันเว้นดิงเยอะ อะไรอย่างนี้เป็นต้น ส่วนตัวนี้เป็นวิคคอลูกค้า ส่วนที่ 3
D:\ขนุนยิ้ม\projects\affiliate-studio\projects\voice-finetune\dataset\wavs\seg_0444.wav|ก็สามารถเลือกได้ค่ะว่าจะดูลูกค้าที่ไหน สมมติว่าเราดูทุกขึ้นที่ แล้วก็จะเห็นภาพรวมนะครับว่า
D:\ขนุนยิ้ม\projects\affiliate-studio\projects\voice-finetune\dataset\wavs\seg_0447.wav|ตัวของเจ้าหน้าที่เราสร้างตัวโคตร
D:\ขนุนยิ้ม\projects\affiliate-studio\projects\voice-finetune\dataset\wavs\seg_0448.wav|ที่เป็นโคตรของลูกค้าไม่เหมือนกัน แล้วก็ตอนเวลาใช้กันก็ ใช้แบบต่างๆ ใช้นะครับ ก็เลยแบบ
D:\ขนุนยิ้ม\projects\affiliate-studio\projects\voice-finetune\dataset\wavs\seg_0449.wav|ออกมาเป็นสองตัวอย่างงี้ เป็นต้น อันนี้รังสิทธิ์นะครับ
D:\ขนุนยิ้ม\projects\affiliate-studio\projects\voice-finetune\dataset\wavs\seg_0450.wav|ถ้าเกิดว่าเราคิดตรงนี้ก็จะเห็นแค่เพราะรังสิทธิ์ พอเราไปโฮเวอร์ตัวของพื้นที่เราก็จะเห็นว่า โอเค
D:\ขนุนยิ้ม\projects\affiliate-studio\projects\voice-finetune\dataset\wavs\seg_0451.wav|ตัวของบริษาห้างร้านคิดเป็น 20.7% ของลังสิทธิ์
D:\ขนุนยิ้ม\projects\affiliate-studio\projects\voice-finetune\dataset\wavs\seg_0453.wav|ก็ลงกับประมาณ 27-28% สำหรับ เช็กลิสต์ ที่เดียว
D:\ขนุนยิ้ม\projects\affiliate-studio\projects\voice-finetune\dataset\wavs\seg_0454.wav|ฟันเวนดิงอยู่ที่ 12.4 อย่างนี้เป็นต้น ก็สามารถดูได้ครับว่า
D:\ขนุนยิ้ม\projects\affiliate-studio\projects\voice-finetune\dataset\wavs\seg_0455.wav|ว่าบริษัตรไหนมี อิมแพกต์ สามารถเลือกปีก็ประมาณได้
D:\ขนุนยิ้ม\projects\affiliate-studio\projects\voice-finetune\dataset\wavs\seg_0456.wav|เออ ติดไหม โอเค ติดเลยครับ เดี๋ยวเราลืมปีโง่ประมาณได้มาดู ได้ด้วยว่า เออ ปีนี้มันที่ไหน
D:\ขนุนยิ้ม\projects\affiliate-studio\projects\voice-finetune\dataset\wavs\seg_0457.wav|ลูกค้ามาเยอะ ลูกค้ามาน้อย อะไรอย่างนี้นะครับ
D:\ขนุนยิ้ม\projects\affiliate-studio\projects\voice-finetune\dataset\wavs\seg_0458.wav|ตรงนี้ก็เป็น 3 แมบ แต่ว่าแยกเป็นตามรายกลุ่มนะครับตรงนี้
D:\ขนุนยิ้ม\projects\affiliate-studio\projects\voice-finetune\dataset\wavs\seg_0459.wav|ห้างร้านประชาชน นันอาคาร ส่วนราชาการตนี้เล็กนิดเดียว
D:\ขนุนยิ้ม\projects\affiliate-studio\projects\voice-finetune\dataset\wavs\seg_0460.wav|และก็เป็นทอฟลูกค้าในแต่ละบ้านที่เนอะ
D:\ขนุนยิ้ม\projects\affiliate-studio\projects\voice-finetune\dataset\wavs\seg_0461.wav|ตรงนี้นะครับ ประมาณนี้ครับ ตรงหลักษาลูกค้า ตรงนี้จะเป็น
D:\ขนุนยิ้ม\projects\affiliate-studio\projects\voice-finetune\dataset\wavs\seg_0462.wav|วิข้อ การวิข้อเรียนนะครับ ตั้งแต่ละชนิดเนอะ
D:\ขนุนยิ้ม\projects\affiliate-studio\projects\voice-finetune\dataset\wavs\seg_0463.wav|แล้วก็จะเห็นนะครับว่าส่วนแต่ละชนิดมันเป็นยังไงในปี 69 นะครับ 10 บาทคือเป็น 41% นะครับของบุญคาที่พระชาชนมาแลก
D:\ขนุนยิ้ม\projects\affiliate-studio\projects\voice-finetune\dataset\wavs\seg_0464.wav|1 บาทเป็น 22 บาท ข้าวบาทลองหนึ่งมาเนอะ ถ้าถามว่าคิดตามจำนวนเหลียน แล้วก็ 1 บาทจะเยอะสุดอะไรอย่างเนี้ย
D:\ขนุนยิ้ม\projects\affiliate-studio\projects\voice-finetune\dataset\wavs\seg_0465.wav|คราวนี้ตัวนี้คือฮิตแมป จะได้เห็นภาพร่วมว่า
D:\ขนุนยิ้ม\projects\affiliate-studio\projects\voice-finetune\dataset\wavs\seg_0466.wav|ที่นี่ ว่ามันมีประวัติมาอย่างไรจากอดีต อันนี้เป็นอดีตนะครับ จากปีหกหนึ่ง จะเห็นว่า...
D:\ขนุนยิ้ม\projects\affiliate-studio\projects\voice-finetune\dataset\wavs\seg_0467.wav|ค่อนข้างเยอะเลย จากเค็มๆ นะครับ มาช่วงประมาณตี 64 นี้อ่อนลง
D:\ขนุนยิ้ม\projects\affiliate-studio\projects\voice-finetune\dataset\wavs\seg_0468.wav|แล้วก็มาโชว์นี้ก็กลับมาเข้ม แสดงว่าโชว์นี้ต้องมีอะไร
D:\ขนุนยิ้ม\projects\affiliate-studio\projects\voice-finetune\dataset\wavs\seg_0469.wav|เท่าอย่างหนึ่ง ที่ทำให้เขากลับมาเค็ม
D:\ขนุนยิ้ม\projects\affiliate-studio\projects\voice-finetune\dataset\wavs\seg_0470.wav|แต่ว่ามันก็เข้มอยู่แล้วนะครับ ตีบาท ห้าบาท นึกบาทก็เข้มประตูอยู่แล้ว
D:\ขนุนยิ้ม\projects\affiliate-studio\projects\voice-finetune\dataset\wavs\seg_0471.wav|แต่เมื่อก่อนนี้เข้มหมด โอเค ก็จะดูอย่างงี้ได้นะครับ เป็นๆๆ ภาพ
D:\ขนุนยิ้ม\projects\affiliate-studio\projects\voice-finetune\dataset\wavs\seg_0472.wav|เราได้เห็นนะ ถ้าหากว่าเราเข้าไปดูตรงนี้ คิดตรง 10 บาทนี้
D:\ขนุนยิ้ม\projects\affiliate-studio\projects\voice-finetune\dataset\wavs\seg_0473.wav|ก็จะมีข้อมูลลูกค้าออกมา ว่าลูกค้าคนไหนเขาเข้ามาซื้อ 10 บาทได้เยอะสุด
D:\ขนุนยิ้ม\projects\affiliate-studio\projects\voice-finetune\dataset\wavs\seg_0474.wav|ประมาณนี้เอาไปเล่นได้นะครับ ตัวตรงนี้เป็นการจัดลำดำ มาดูว่าลูกค้าที่เข้ามาของขนแก่น ตรงนี้เป็นขนแก่นเนี่ย
D:\ขนุนยิ้ม\projects\affiliate-studio\projects\voice-finetune\dataset\wavs\seg_0475.wav|ข้าเยอะสุดเนอะ ว่าจะบอกว่าเป็น เทสโก้ เป็นห้างล้าน ทุกลับกวัดทานฐากรุงเทพอะไรอย่างนี้
D:\ขนุนยิ้ม\projects\affiliate-studio\projects\voice-finetune\dataset\wavs\seg_0476.wav|ซึ่งเราสามารถสูงเป็นปราตาทอ ใช่ไหม เราสามารถคิดก็ไปดูได้
D:\ขนุนยิ้ม\projects\affiliate-studio\projects\voice-finetune\dataset\wavs\seg_0477.wav|เขาจะเห็นว่าเออปราตาทรมาที่ขนแก่น
D:\ขนุนยิ้ม\projects\affiliate-studio\projects\voice-finetune\dataset\wavs\seg_0478.wav|โดยที่มาเดือนเมษามีหน้าบ่อย
D:\ขนุนยิ้ม\projects\affiliate-studio\projects\voice-finetune\dataset\wavs\seg_0479.wav|อันนี้ของปีเท่าไหร่ ของทุกปีใช่ไหม จะเห็นว่ามาเมฆสามมีนานบ่อย
D:\ขนุนยิ้ม\projects\affiliate-studio\projects\voice-finetune\dataset\wavs\seg_0480.wav|แล้วก็มาช่วงของปี 6-4 กับ 6-7
D:\ขนุนยิ้ม\projects\affiliate-studio\projects\voice-finetune\dataset\wavs\seg_0481.wav|แต่สองปีนี้เขาหายไป
D:\ขนุนยิ้ม\projects\affiliate-studio\projects\voice-finetune\dataset\wavs\seg_0482.wav|เห็นไหม ที่เราสามารถตอบได้หมดเลย อันนี้ก็คือจะเป็น
D:\ขนุนยิ้ม\projects\affiliate-studio\projects\voice-finetune\dataset\wavs\seg_0483.wav|แล้วส่วนใหญ่เขามาซื้ออะไร 10 บาท 5 บาท
D:\ขนุนยิ้ม\projects\affiliate-studio\projects\voice-finetune\dataset\wavs\seg_0484.wav|1 บาท 2 บาท อุ๊ย! มี 2 บาทบ้าง แต่ว่าก็ไม่เยอะมากนะฮะ
D:\ขนุนยิ้ม\projects\affiliate-studio\projects\voice-finetune\dataset\wavs\seg_0485.wav|แล้วก็มาดูนะครับ อันนี้คือเป็นประวัติของเขานะว่ามาเท่าไหร่อะไรยังไง
D:\ขนุนยิ้ม\projects\affiliate-studio\projects\voice-finetune\dataset\wavs\seg_0486.wav|เนี่ย มีครบเลยนะครับ กี่นาทีแล้วเนี่ย
D:\ขนุนยิ้ม\projects\affiliate-studio\projects\voice-finetune\dataset\wavs\seg_0487.wav|สิบอาทิแล้ว ส่วนด้านการรับคืน ด้านการรับคืนก็เหมือนกัน
D:\ขนุนยิ้ม\projects\affiliate-studio\projects\voice-finetune\dataset\wavs\seg_0488.wav|เหมือนกันเลยนะครับ อันนี้ขอเวลานิดหนึ่งนะครับ ขอสักสิบสอง
D:\ขนุนยิ้ม\projects\affiliate-studio\projects\voice-finetune\dataset\wavs\seg_0489.wav|เหมือนกันทั้งหมดเลย
D:\ขนุนยิ้ม\projects\affiliate-studio\projects\voice-finetune\dataset\wavs\seg_0490.wav|ก็จะพิจัดนานน่า ด้านการรับคืนได้
D:\ขนุนยิ้ม\projects\affiliate-studio\projects\voice-finetune\dataset\wavs\seg_0491.wav|อันดับอะไรอย่างนี้เหมือนกันหมดเลยนะครับ คิดได้เหมือนกันหมด
D:\ขนุนยิ้ม\projects\affiliate-studio\projects\voice-finetune\dataset\wavs\seg_0492.wav|โปรดติดตามตอนต่อไป
